0 0 8.6024511008105
0.49998757009346 0 8.5600201961843
0.99997514018692 0 8.7539935428202
1.4999627102804 0 9.0196603952804
1.9999502803738 0 8.4502296997172
2.4999378504673 0 7.4085170120718
2.9999254205607 0 6.5155889813271
3.4999129906542 0 6.5433946640459
3.9999005607477 0 6.3935270410861
4.4998881308411 0 6.1352395496298
4.9998757009346 0 6.7747723916233
5.499863271028 0 7.8497133386529
5.9998508411215 0 8.4077638997127
6.499838411215 0 8.9342635099895
6.9998259813084 0 9.2517101740574
7.4998135514019 0 10.010346706124
7.9998011214953 0 9.86351827937
8.4997886915888 0 10.129367469989
8.9997762616822 0 9.5237225114161
9.4997638317757 0 8.2285059450541
9.9997514018692 0 7.429629661908
10.499738971963 0 6.6129884238366
10.999726542056 0 5.1170966305175
11.49971411215 0 3.9751097825882
11.999701682243 0 3.9970696719614
12.499689252336 0 2.9988961863993
12.99967682243 0 2.8607921813833
13.499664392523 0 2.9369746501075
13.999651962617 0 2.7120742461173
14.49963953271 0 2.2916952649102
14.999627102804 0 1.7792483511051
15.499614672897 0 0.54057176835659
15.999602242991 0 -0.57117071656851
16.499589813084 0 -2.0455374159166
16.999577383178 0 -3.3903527740103
17.499564953271 0 -5.0440470012044
17.999552523364 0 -5.7035324351568
18.499540093458 0 -7.3584773774126
18.999527663551 0 -8.6985842051508
19.499515233645 0 -9.1030430646618
19.999502803738 0 -10.338073352225
20.499490373832 0 -12.020526614235
20.999477943925 0 -13.030214853987
21.499465514019 0 -15.834578135123
21.999453084112 0 -16.495162308515
22.499440654206 0 -18.051351990003
22.999428224299 0 -19.63724294649
23.499415794393 0 -21.018462245744
23.999403364486 0 -22.745089920847
24.499390934579 0 -24.30877751152
24.999378504673 0 -24.54795044791
25.499366074766 0 -25.386224736705
25.99935364486 0 -27.041722318819
26.499341214953 0 -28.616600976639
26.999328785047 0 -27.876220694624
27.49931635514 0 -28.367137244845
27.999303925234 0 -28.748373690696
28.499291495327 0 -29.25696382658
28.999279065421 0 -29.357948472435
29.499266635514 0 -29.511477431315
29.999254205607 0 -29.172731238074
30.499241775701 0 -31.544789934626
30.999229345794 0 -32.516027880846
31.499216915888 0 -34.228808984811
31.999204485981 0 -35.445912850809
32.499192056075 0 -37.83703685363
32.999179626168 0 -41.202349990671
33.499167196262 0 -43.440209515148
33.999154766355 0 -45.813134585246
34.499142336449 0 -47.964186262819
34.999129906542 0 -49.033923457126
35.499117476636 0 -48.818205433882
35.999105046729 0 -47.007168192414
36.499092616822 0 -43.911529450883
36.999080186916 0 -39.794750353103
37.499067757009 0 -35.22022274415
37.999055327103 0 -30.810402684473
38.499042897196 0 -26.309298720778
38.99903046729 0 -23.499100720185
39.499018037383 0 -20.372221092991
39.999005607477 0 -18.035104316697
40.49899317757 0 -15.478232421196
40.998980747664 0 -13.190909058879
41.498968317757 0 -11.247368443703
41.99895588785 0 -10.46607257036
42.498943457944 0 -10.040572747925
42.998931028037 0 -9.4303851153337
43.498918598131 0 -9.2020435996425
43.998906168224 0 -8.4364958941884
44.498893738318 0 -7.9563009097689
44.998881308411 0 -7.5782286642469
45.498868878505 0 -7.1802478887875
45.998856448598 0 -6.7860992498107
46.498844018692 0 -7.0327108727963
46.998831588785 0 -6.7659665854443
47.498819158878 0 -7.5638542794712
47.998806728972 0 -8.0688838854568
48.498794299065 0 -7.6024197886635
48.998781869159 0 -7.9356704586735
49.498769439252 0 -7.3848833640591
49.998757009346 0 -6.0094554268633
50.498744579439 0 -5.5512390120175
50.998732149533 0 -4.935910724882
51.498719719626 0 -2.5774140083403
51.99870728972 0 -1.8496033654152
52.498694859813 0 -1.2674521948243
52.998682429907 0 -0.49654104757974
53.49867 0 0.55226509385423
0 0.49986327272727 9.9232420753455
0.49998757009346 0.49986327272727 10.127649893628
0.99997514018692 0.49986327272727 10.693083987009
1.4999627102804 0.49986327272727 10.567733734089
1.9999502803738 0.49986327272727 10.431955687196
2.4999378504673 0.49986327272727 10.249766049905
2.9999254205607 0.49986327272727 9.9467933471299
3.4999129906542 0.49986327272727 9.6171566181667
3.9999005607477 0.49986327272727 9.6382712921197
4.4998881308411 0.49986327272727 10.053505282446
4.9998757009346 0.49986327272727 9.9775382028205
5.499863271028 0.49986327272727 10.127344291746
5.9998508411215 0.49986327272727 9.7433264733785
6.499838411215 0.49986327272727 9.6212964646923
6.9998259813084 0.49986327272727 9.6516024247667
7.4998135514019 0.49986327272727 9.50879675684
7.9998011214953 0.49986327272727 10.342963022644
8.4997886915888 0.49986327272727 10.48090997907
8.9997762616822 0.49986327272727 10.561582418736
9.4997638317757 0.49986327272727 9.7639444028859
9.9997514018692 0.49986327272727 9.0362735202891
10.499738971963 0.49986327272727 7.9758954019608
10.999726542056 0.49986327272727 6.9040035657184
11.49971411215 0.49986327272727 5.8787048427283
11.999701682243 0.49986327272727 5.4645813987896
12.499689252336 0.49986327272727 4.7113173055159
12.99967682243 0.49986327272727 4.0174175954518
13.499664392523 0.49986327272727 3.4190301748716
13.999651962617 0.49986327272727 2.3784804411481
14.49963953271 0.49986327272727 1.1965688733784
14.999627102804 0.49986327272727 -0.28081086077964
15.499614672897 0.49986327272727 -1.7311418301445
15.999602242991 0.49986327272727 -3.4782024705422
16.499589813084 0.49986327272727 -5.0691377594484
16.999577383178 0.49986327272727 -6.4685349985473
17.499564953271 0.49986327272727 -7.6218223088602
17.999552523364 0.49986327272727 -7.9449289143336
18.499540093458 0.49986327272727 -7.6309896295045
18.999527663551 0.49986327272727 -7.2534419259267
19.499515233645 0.49986327272727 -7.4021593284441
19.999502803738 0.49986327272727 -7.6256101527602
20.499490373832 0.49986327272727 -8.8082785297873
20.999477943925 0.49986327272727 -10.566847376187
21.499465514019 0.49986327272727 -12.406957506998
21.999453084112 0.49986327272727 -14.133728615805
22.499440654206 0.49986327272727 -15.194218789424
22.999428224299 0.49986327272727 -16.748919531914
23.499415794393 0.49986327272727 -17.738978979454
23.999403364486 0.49986327272727 -18.408115129456
24.499390934579 0.49986327272727 -19.318381154619
24.999378504673 0.49986327272727 -19.436857606605
25.499366074766 0.49986327272727 -19.678980426856
25.99935364486 0.49986327272727 -20.072591757827
26.499341214953 0.49986327272727 -20.737251789722
26.999328785047 0.49986327272727 -21.415338768982
27.49931635514 0.49986327272727 -22.212830107275
27.999303925234 0.49986327272727 -22.872208037011
28.499291495327 0.49986327272727 -24.089303273479
28.999279065421 0.49986327272727 -24.996248987144
29.499266635514 0.49986327272727 -25.899565644312
29.999254205607 0.49986327272727 -26.864658921898
30.499241775701 0.49986327272727 -28.464409997161
30.999229345794 0.49986327272727 -29.656760813987
31.499216915888 0.49986327272727 -31.144688473781
31.999204485981 0.49986327272727 -32.490991857062
32.499192056075 0.49986327272727 -34.385412291989
32.999179626168 0.49986327272727 -36.168171049888
33.499167196262 0.49986327272727 -38.262999916481
33.999154766355 0.49986327272727 -39.848675535048
34.499142336449 0.49986327272727 -41.449153371687
34.999129906542 0.49986327272727 -43.492346069435
35.499117476636 0.49986327272727 -44.208949446735
35.999105046729 0.49986327272727 -43.598664543772
36.499092616822 0.49986327272727 -40.868641543197
36.999080186916 0.49986327272727 -37.104874987388
37.499067757009 0.49986327272727 -32.659097764059
37.999055327103 0.49986327272727 -27.937031094238
38.499042897196 0.49986327272727 -23.274252476985
38.99903046729 0.49986327272727 -18.779895031483
39.499018037383 0.49986327272727 -15.075045228095
39.999005607477 0.49986327272727 -12.21800981834
40.49899317757 0.49986327272727 -9.8467588454871
40.998980747664 0.49986327272727 -7.7728243637219
41.498968317757 0.49986327272727 -6.0495561006641
41.99895588785 0.49986327272727 -4.7246283860325
42.498943457944 0.49986327272727 -4.5540914045637
42.998931028037 0.49986327272727 -4.5226988184535
43.498918598131 0.49986327272727 -4.7362312581032
43.998906168224 0.49986327272727 -5.0817711791743
44.498893738318 0.49986327272727 -5.0885532399044
44.998881308411 0.49986327272727 -5.0147012121668
45.498868878505 0.49986327272727 -4.6931772086376
45.998856448598 0.49986327272727 -4.0400541360404
46.498844018692 0.49986327272727 -3.3759415883817
46.998831588785 0.49986327272727 -2.7610284789743
47.498819158878 0.49986327272727 -2.4969345314544
47.998806728972 0.49986327272727 -1.8861825000984
48.498794299065 0.49986327272727 -1.4702901965221
48.998781869159 0.49986327272727 -0.76576444428711
49.498769439252 0.49986327272727 -0.21621001814134
49.998757009346 0.49986327272727 0.3921873610706
50.498744579439 0.49986327272727 0.86574081396536
50.998732149533 0.49986327272727 1.275421741343
51.498719719626 0.49986327272727 1.7043899745658
51.99870728972 0.49986327272727 1.805956884329
52.498694859813 0.49986327272727 1.783752268165
52.998682429907 0.49986327272727 1.7241203854854
53.49867 0.49986327272727 1.5090813370825
0 0.99972654545455 11.190571396682
0.49998757009346 0.99972654545455 10.972891624686
0.99997514018692 0.99972654545455 11.250845246774
1.4999627102804 0.99972654545455 11.716434769468
1.9999502803738 0.99972654545455 11.170261478724
2.4999378504673 0.99972654545455 11.480681040494
2.9999254205607 0.99972654545455 11.066031641298
3.4999129906542 0.99972654545455 10.74591172667
3.9999005607477 0.99972654545455 10.18778989838
4.4998881308411 0.99972654545455 10.615433615026
4.9998757009346 0.99972654545455 11.301072277486
5.499863271028 0.99972654545455 11.407883341657
5.9998508411215 0.99972654545455 12.166626789936
6.499838411215 0.99972654545455 12.3364824165
6.9998259813084 0.99972654545455 13.140093878461
7.4998135514019 0.99972654545455 12.890975608074
7.9998011214953 0.99972654545455 12.830646780721
8.4997886915888 0.99972654545455 12.439670889707
8.9997762616822 0.99972654545455 11.932401299906
9.4997638317757 0.99972654545455 11.091519684295
9.9997514018692 0.99972654545455 10.27453500305
10.499738971963 0.99972654545455 9.7373170332755
10.999726542056 0.99972654545455 8.3950301796656
11.49971411215 0.99972654545455 7.3467454207816
11.999701682243 0.99972654545455 7.1088092545287
12.499689252336 0.99972654545455 6.4091519482563
12.99967682243 0.99972654545455 4.9395655355038
13.499664392523 0.99972654545455 3.7840008922545
13.999651962617 0.99972654545455 2.9775791400765
14.49963953271 0.99972654545455 2.2126068841409
14.999627102804 0.99972654545455 0.90130515261117
15.499614672897 0.99972654545455 -0.33224172812655
15.999602242991 0.99972654545455 -1.5120255568888
16.499589813084 0.99972654545455 -2.7392219410581
16.999577383178 0.99972654545455 -4.158981026264
17.499564953271 0.99972654545455 -5.24318554493
17.999552523364 0.99972654545455 -5.9680535168177
18.499540093458 0.99972654545455 -7.2851973982819
18.999527663551 0.99972654545455 -7.5496723892104
19.499515233645 0.99972654545455 -8.2166011685483
19.999502803738 0.99972654545455 -9.5047995368611
20.499490373832 0.99972654545455 -11.450966464672
20.999477943925 0.99972654545455 -12.278893991788
21.499465514019 0.99972654545455 -12.689095793154
21.999453084112 0.99972654545455 -13.513830574415
22.499440654206 0.99972654545455 -13.972851802554
22.999428224299 0.99972654545455 -14.60977579807
23.499415794393 0.99972654545455 -14.736243118852
23.999403364486 0.99972654545455 -14.648540059898
24.499390934579 0.99972654545455 -14.298747489007
24.999378504673 0.99972654545455 -14.642057575129
25.499366074766 0.99972654545455 -14.717960135846
25.99935364486 0.99972654545455 -15.093554874618
26.499341214953 0.99972654545455 -15.61990204591
26.999328785047 0.99972654545455 -16.638624805619
27.49931635514 0.99972654545455 -18.155604213524
27.999303925234 0.99972654545455 -19.610219233906
28.499291495327 0.99972654545455 -20.643190958781
28.999279065421 0.99972654545455 -21.7970905924
29.499266635514 0.99972654545455 -22.912778083856
29.999254205607 0.99972654545455 -23.630308266859
30.499241775701 0.99972654545455 -24.43049756917
30.999229345794 0.99972654545455 -24.929258106175
31.499216915888 0.99972654545455 -25.706125788279
31.999204485981 0.99972654545455 -26.470091183144
32.499192056075 0.99972654545455 -27.525371647988
32.999179626168 0.99972654545455 -28.767231086886
33.499167196262 0.99972654545455 -30.269144057948
33.999154766355 0.99972654545455 -31.723917525518
34.499142336449 0.99972654545455 -33.033348540793
34.999129906542 0.99972654545455 -34.414910032024
35.499117476636 0.99972654545455 -34.949287715928
35.999105046729 0.99972654545455 -34.559909141909
36.499092616822 0.99972654545455 -32.748953702166
36.999080186916 0.99972654545455 -29.78415593209
37.499067757009 0.99972654545455 -26.15749876075
37.999055327103 0.99972654545455 -22.248037384845
38.499042897196 0.99972654545455 -18.425049920828
38.99903046729 0.99972654545455 -14.607558311593
39.499018037383 0.99972654545455 -11.486905740897
39.999005607477 0.99972654545455 -8.7346508557343
40.49899317757 0.99972654545455 -6.6270491801665
40.998980747664 0.99972654545455 -4.6824512654786
41.498968317757 0.99972654545455 -3.4669179626715
41.99895588785 0.99972654545455 -2.69546016498
42.498943457944 0.99972654545455 -2.3485905580172
42.998931028037 0.99972654545455 -1.7812126077672
43.498918598131 0.99972654545455 -1.6268040428416
43.998906168224 0.99972654545455 -1.4074234569575
44.498893738318 0.99972654545455 -0.83574727297425
44.998881308411 0.99972654545455 -0.15295596924915
45.498868878505 0.99972654545455 0.63621493414557
45.998856448598 0.99972654545455 0.80379427847067
46.498844018692 0.99972654545455 1.3270365785005
46.998831588785 0.99972654545455 1.7389826314027
47.498819158878 0.99972654545455 1.8173596595069
47.998806728972 0.99972654545455 1.4816546777646
48.498794299065 0.99972654545455 1.4728060142063
48.998781869159 0.99972654545455 1.9466608267647
49.498769439252 0.99972654545455 2.214684267276
49.998757009346 0.99972654545455 2.7384509957032
50.498744579439 0.99972654545455 3.0752672636384
50.998732149533 0.99972654545455 3.4902854039285
51.498719719626 0.99972654545455 3.5868277978482
51.99870728972 0.99972654545455 3.6373684432598
52.498694859813 0.99972654545455 2.9163417717096
52.998682429907 0.99972654545455 2.5635153434675
53.49867 0.99972654545455 2.0946723781895
0 1.4995898181818 12.549991950486
0.49998757009346 1.4995898181818 12.371626357456
0.99997514018692 1.4995898181818 12.62009282643
1.4999627102804 1.4995898181818 12.688440252046
1.9999502803738 1.4995898181818 12.964853205333
2.4999378504673 1.4995898181818 13.176998414468
2.9999254205607 1.4995898181818 12.93038563849
3.4999129906542 1.4995898181818 12.903265151337
3.9999005607477 1.4995898181818 12.625354894826
4.4998881308411 1.4995898181818 12.347786481003
4.9998757009346 1.4995898181818 12.903281199564
5.499863271028 1.4995898181818 13.122793054086
5.9998508411215 1.4995898181818 13.584887958058
6.499838411215 1.4995898181818 13.964970735176
6.9998259813084 1.4995898181818 14.093089825912
7.4998135514019 1.4995898181818 13.818496022773
7.9998011214953 1.4995898181818 13.690372804802
8.4997886915888 1.4995898181818 12.863362868199
8.9997762616822 1.4995898181818 12.441213557827
9.4997638317757 1.4995898181818 11.779546257553
9.9997514018692 1.4995898181818 11.299665998916
10.499738971963 1.4995898181818 10.656270814592
10.999726542056 1.4995898181818 9.7952656871939
11.49971411215 1.4995898181818 9.1974368605065
11.999701682243 1.4995898181818 8.8302027041468
12.499689252336 1.4995898181818 8.124810193957
12.99967682243 1.4995898181818 7.1255659663871
13.499664392523 1.4995898181818 5.6965356160045
13.999651962617 1.4995898181818 4.5597549344772
14.49963953271 1.4995898181818 3.3773616966673
14.999627102804 1.4995898181818 2.1607823549682
15.499614672897 1.4995898181818 1.0078558636796
15.999602242991 1.4995898181818 -0.059518684832923
16.499589813084 1.4995898181818 -1.2030438911968
16.999577383178 1.4995898181818 -2.106285055455
17.499564953271 1.4995898181818 -2.93095112959
17.999552523364 1.4995898181818 -3.4642995245749
18.499540093458 1.4995898181818 -4.392754458846
18.999527663551 1.4995898181818 -4.8720538784217
19.499515233645 1.4995898181818 -5.5815666915855
19.999502803738 1.4995898181818 -6.9211323141253
20.499490373832 1.4995898181818 -8.0312125650121
20.999477943925 1.4995898181818 -9.2864528953808
21.499465514019 1.4995898181818 -10.260582524233
21.999453084112 1.4995898181818 -11.385180380016
22.499440654206 1.4995898181818 -12.550255693727
22.999428224299 1.4995898181818 -13.528991053781
23.499415794393 1.4995898181818 -14.194533572397
23.999403364486 1.4995898181818 -14.634327118288
24.499390934579 1.4995898181818 -14.84070656849
24.999378504673 1.4995898181818 -14.827479690681
25.499366074766 1.4995898181818 -14.582492179589
25.99935364486 1.4995898181818 -14.509643525819
26.499341214953 1.4995898181818 -14.604787149204
26.999328785047 1.4995898181818 -15.192981056725
27.49931635514 1.4995898181818 -16.115901144766
27.999303925234 1.4995898181818 -17.410120532175
28.499291495327 1.4995898181818 -18.148180308916
28.999279065421 1.4995898181818 -19.200386729932
29.499266635514 1.4995898181818 -20.202452019499
29.999254205607 1.4995898181818 -20.839356372037
30.499241775701 1.4995898181818 -21.54237067054
30.999229345794 1.4995898181818 -21.879811807078
31.499216915888 1.4995898181818 -21.825014227781
31.999204485981 1.4995898181818 -21.713370443402
32.499192056075 1.4995898181818 -21.574828450785
32.999179626168 1.4995898181818 -21.717572613289
33.499167196262 1.4995898181818 -22.545095117696
33.999154766355 1.4995898181818 -23.370846606318
34.499142336449 1.4995898181818 -24.162120475569
34.999129906542 1.4995898181818 -24.692072697234
35.499117476636 1.4995898181818 -24.87969259618
35.999105046729 1.4995898181818 -24.802051713749
36.499092616822 1.4995898181818 -24.389279940109
36.999080186916 1.4995898181818 -22.640910111503
37.499067757009 1.4995898181818 -20.412068045392
37.999055327103 1.4995898181818 -17.939973459198
38.499042897196 1.4995898181818 -15.158912188578
38.99903046729 1.4995898181818 -12.778472145504
39.499018037383 1.4995898181818 -10.255394084519
39.999005607477 1.4995898181818 -8.1815837206692
40.49899317757 1.4995898181818 -6.2133179173302
40.998980747664 1.4995898181818 -4.0112651526072
41.498968317757 1.4995898181818 -2.3037689609187
41.99895588785 1.4995898181818 -1.0500761494178
42.498943457944 1.4995898181818 -0.45180245543709
42.998931028037 1.4995898181818 0.26056883479778
43.498918598131 1.4995898181818 0.44674483923001
43.998906168224 1.4995898181818 0.55997325370066
44.498893738318 1.4995898181818 0.58112405084975
44.998881308411 1.4995898181818 0.91202137162977
45.498868878505 1.4995898181818 1.0513638428631
45.998856448598 1.4995898181818 1.1702942131405
46.498844018692 1.4995898181818 1.5797045019788
46.998831588785 1.4995898181818 2.2470746820463
47.498819158878 1.4995898181818 2.6968977442159
47.998806728972 1.4995898181818 3.2288920364064
48.498794299065 1.4995898181818 3.6469720104509
48.998781869159 1.4995898181818 3.9202565284776
49.498769439252 1.4995898181818 4.2360705285898
49.998757009346 1.4995898181818 5.0712001787952
50.498744579439 1.4995898181818 5.608583640687
50.998732149533 1.4995898181818 6.149685318666
51.498719719626 1.4995898181818 6.292898149183
51.99870728972 1.4995898181818 6.1461913061979
52.498694859813 1.4995898181818 5.3306777049535
52.998682429907 1.4995898181818 4.4432118327093
53.49867 1.4995898181818 4.5583474872519
0 1.9994530909091 10.949348555037
0.49998757009346 1.9994530909091 9.3436793797681
0.99997514018692 1.9994530909091 9.68076824275
1.4999627102804 1.9994530909091 10.053050763058
1.9999502803738 1.9994530909091 10.457717704191
2.4999378504673 1.9994530909091 9.9483462043435
2.9999254205607 1.9994530909091 9.9504792706813
3.4999129906542 1.9994530909091 9.8153515506563
3.9999005607477 1.9994530909091 9.7719856632609
4.4998881308411 1.9994530909091 9.9599498493494
4.9998757009346 1.9994530909091 10.793476282771
5.499863271028 1.9994530909091 11.54560463089
5.9998508411215 1.9994530909091 12.199080663515
6.499838411215 1.9994530909091 12.573059088827
6.9998259813084 1.9994530909091 12.985614846799
7.4998135514019 1.9994530909091 13.058702651264
7.9998011214953 1.9994530909091 13.070163567781
8.4997886915888 1.9994530909091 12.587513724687
8.9997762616822 1.9994530909091 12.029979960717
9.4997638317757 1.9994530909091 11.981223317395
9.9997514018692 1.9994530909091 12.068844831412
10.499738971963 1.9994530909091 12.122113552429
10.999726542056 1.9994530909091 12.911879677967
11.49971411215 1.9994530909091 13.023784973739
11.999701682243 1.9994530909091 13.194712755692
12.499689252336 1.9994530909091 12.397175322924
12.99967682243 1.9994530909091 10.983395332648
13.499664392523 1.9994530909091 9.127152797771
13.999651962617 1.9994530909091 7.6576530642907
14.49963953271 1.9994530909091 5.0315086997401
14.999627102804 1.9994530909091 2.5174471132846
15.499614672897 1.9994530909091 0.47419214373131
15.999602242991 1.9994530909091 -1.5038835137924
16.499589813084 1.9994530909091 -2.6794707471788
16.999577383178 1.9994530909091 -3.8486094710538
17.499564953271 1.9994530909091 -4.5485375496608
17.999552523364 1.9994530909091 -4.0442102709253
18.499540093458 1.9994530909091 -3.9429354983291
18.999527663551 1.9994530909091 -3.9644777211647
19.499515233645 1.9994530909091 -4.5112502646751
19.999502803738 1.9994530909091 -5.5695199016779
20.499490373832 1.9994530909091 -6.2812132441101
20.999477943925 1.9994530909091 -7.9942651375197
21.499465514019 1.9994530909091 -9.9173820121402
21.999453084112 1.9994530909091 -11.245608344058
22.499440654206 1.9994530909091 -11.9184077746
22.999428224299 1.9994530909091 -12.061064691031
23.499415794393 1.9994530909091 -12.563438451017
23.999403364486 1.9994530909091 -13.158723256488
24.499390934579 1.9994530909091 -13.323010374709
24.999378504673 1.9994530909091 -13.527277310004
25.499366074766 1.9994530909091 -13.602554425125
25.99935364486 1.9994530909091 -13.893748251002
26.499341214953 1.9994530909091 -13.903867139319
26.999328785047 1.9994530909091 -13.233961554815
27.49931635514 1.9994530909091 -13.209146609121
27.999303925234 1.9994530909091 -13.985949316744
28.499291495327 1.9994530909091 -14.743441060748
28.999279065421 1.9994530909091 -14.967214113355
29.499266635514 1.9994530909091 -15.505057335465
29.999254205607 1.9994530909091 -16.368731020592
30.499241775701 1.9994530909091 -17.494273146328
30.999229345794 1.9994530909091 -18.167381124578
31.499216915888 1.9994530909091 -18.119275059705
31.999204485981 1.9994530909091 -16.950930267627
32.499192056075 1.9994530909091 -17.042018456613
32.999179626168 1.9994530909091 -17.268654386815
33.499167196262 1.9994530909091 -17.42591269537
33.999154766355 1.9994530909091 -16.997839790207
34.499142336449 1.9994530909091 -17.385133724636
34.999129906542 1.9994530909091 -17.754872692708
35.499117476636 1.9994530909091 -18.205985145904
35.999105046729 1.9994530909091 -17.975299618744
36.499092616822 1.9994530909091 -17.806613946356
36.999080186916 1.9994530909091 -16.662838524207
37.499067757009 1.9994530909091 -15.304788696651
37.999055327103 1.9994530909091 -14.069925881375
38.499042897196 1.9994530909091 -12.220741434088
38.99903046729 1.9994530909091 -10.363676479691
39.499018037383 1.9994530909091 -8.580483516102
39.999005607477 1.9994530909091 -6.7063176158051
40.49899317757 1.9994530909091 -4.6656372538169
40.998980747664 1.9994530909091 -2.7814086453888
41.498968317757 1.9994530909091 -1.0960409985711
41.99895588785 1.9994530909091 1.0986271047301
42.498943457944 1.9994530909091 2.8422828599795
42.998931028037 1.9994530909091 3.7764574082176
43.498918598131 1.9994530909091 4.3920610141224
43.998906168224 1.9994530909091 4.7305125148317
44.498893738318 1.9994530909091 4.8430735321272
44.998881308411 1.9994530909091 5.8505978649268
45.498868878505 1.9994530909091 6.0333784934603
45.998856448598 1.9994530909091 6.6610311443851
46.498844018692 1.9994530909091 6.260021538748
46.998831588785 1.9994530909091 5.9569087172933
47.498819158878 1.9994530909091 6.5902194685661
47.998806728972 1.9994530909091 7.2521018997173
48.498794299065 1.9994530909091 7.9665492928397
48.998781869159 1.9994530909091 8.0275055657128
49.498769439252 1.9994530909091 8.5827244105432
49.998757009346 1.9994530909091 9.156625852028
50.498744579439 1.9994530909091 9.3155715363361
50.998732149533 1.9994530909091 10.355662295883
51.498719719626 1.9994530909091 10.239565729779
51.99870728972 1.9994530909091 9.3756774848519
52.498694859813 1.9994530909091 8.2136925146609
52.998682429907 1.9994530909091 6.9714230421391
53.49867 1.9994530909091 6.1731298620061
0 2.4993163636364 12.012435562295
0.49998757009346 2.4993163636364 11.303263289083
0.99997514018692 2.4993163636364 11.572101596358
1.4999627102804 2.4993163636364 12.093478701124
1.9999502803738 2.4993163636364 12.353925013567
2.4999378504673 2.4993163636364 11.964795761415
2.9999254205607 2.4993163636364 11.532557215
3.4999129906542 2.4993163636364 11.051354974621
3.9999005607477 2.4993163636364 10.456442572173
4.4998881308411 2.4993163636364 10.183271445075
4.9998757009346 2.4993163636364 10.497364175613
5.499863271028 2.4993163636364 10.886262840713
5.9998508411215 2.4993163636364 11.172195990943
6.499838411215 2.4993163636364 11.203795320546
6.9998259813084 2.4993163636364 11.613938359669
7.4998135514019 2.4993163636364 11.475079777936
7.9998011214953 2.4993163636364 11.11557709772
8.4997886915888 2.4993163636364 10.810969472607
8.9997762616822 2.4993163636364 10.283702487312
9.4997638317757 2.4993163636364 10.294749242297
9.9997514018692 2.4993163636364 10.258043387085
10.499738971963 2.4993163636364 10.467785716963
10.999726542056 2.4993163636364 11.287196600577
11.49971411215 2.4993163636364 11.608254197155
11.999701682243 2.4993163636364 11.844361560179
12.499689252336 2.4993163636364 11.011905532936
12.99967682243 2.4993163636364 9.8210762166006
13.499664392523 2.4993163636364 8.4319304432848
13.999651962617 2.4993163636364 7.326274876275
14.49963953271 2.4993163636364 5.1637636374104
14.999627102804 2.4993163636364 3.1197030495848
15.499614672897 2.4993163636364 1.3146768786426
15.999602242991 2.4993163636364 -0.68701057670224
16.499589813084 2.4993163636364 -1.8638091606881
16.999577383178 2.4993163636364 -2.8154600573935
17.499564953271 2.4993163636364 -2.9738816405768
17.999552523364 2.4993163636364 -2.9378782881542
18.499540093458 2.4993163636364 -2.4354007702309
18.999527663551 2.4993163636364 -1.8946512178074
19.499515233645 2.4993163636364 -1.9274650722605
19.999502803738 2.4993163636364 -3.0084809068942
20.499490373832 2.4993163636364 -3.7891093999807
20.999477943925 2.4993163636364 -4.9331453382083
21.499465514019 2.4993163636364 -6.9809206008462
21.999453084112 2.4993163636364 -8.6810927902539
22.499440654206 2.4993163636364 -9.5748675758183
22.999428224299 2.4993163636364 -9.8126710445402
23.499415794393 2.4993163636364 -9.9568933407999
23.999403364486 2.4993163636364 -9.9788945910932
24.499390934579 2.4993163636364 -9.4909153681979
24.999378504673 2.4993163636364 -10.160295204596
25.499366074766 2.4993163636364 -10.958419795702
25.99935364486 2.4993163636364 -11.235795525485
26.499341214953 2.4993163636364 -10.816097684449
26.999328785047 2.4993163636364 -10.193607473155
27.49931635514 2.4993163636364 -9.7823863911584
27.999303925234 2.4993163636364 -9.688892538563
28.499291495327 2.4993163636364 -9.2124833741289
28.999279065421 2.4993163636364 -8.0619604235037
29.499266635514 2.4993163636364 -7.8570313240646
29.999254205607 2.4993163636364 -8.4828005296872
30.499241775701 2.4993163636364 -9.3053068549318
30.999229345794 2.4993163636364 -9.9875735998325
31.499216915888 2.4993163636364 -10.161518231169
31.999204485981 2.4993163636364 -9.8736138247424
32.499192056075 2.4993163636364 -10.653705175336
32.999179626168 2.4993163636364 -11.250029521607
33.499167196262 2.4993163636364 -11.747589498554
33.999154766355 2.4993163636364 -11.58756934069
34.499142336449 2.4993163636364 -11.4164439113
34.999129906542 2.4993163636364 -11.403999795711
35.499117476636 2.4993163636364 -11.523984929474
35.999105046729 2.4993163636364 -11.126189590326
36.499092616822 2.4993163636364 -10.447586464871
36.999080186916 2.4993163636364 -8.8478807983057
37.499067757009 2.4993163636364 -7.4438738740353
37.999055327103 2.4993163636364 -6.6467955481096
38.499042897196 2.4993163636364 -5.538554322073
38.99903046729 2.4993163636364 -4.1568890421566
39.499018037383 2.4993163636364 -2.7924802093948
39.999005607477 2.4993163636364 -1.3728690210777
40.49899317757 2.4993163636364 0.4615993788436
40.998980747664 2.4993163636364 1.820309058617
41.498968317757 2.4993163636364 3.1528747532473
41.99895588785 2.4993163636364 5.0638385052539
42.498943457944 2.4993163636364 6.5662014315468
42.998931028037 2.4993163636364 7.3930001154939
43.498918598131 2.4993163636364 7.5611443211367
43.998906168224 2.4993163636364 7.6634596262464
44.498893738318 2.4993163636364 8.0348249638345
44.998881308411 2.4993163636364 8.869161804362
45.498868878505 2.4993163636364 9.1946837565462
45.998856448598 2.4993163636364 10.098847197609
46.498844018692 2.4993163636364 9.8826711157067
46.998831588785 2.4993163636364 9.1884074481873
47.498819158878 2.4993163636364 9.6336370367574
47.998806728972 2.4993163636364 9.585647234019
48.498794299065 2.4993163636364 10.071528678814
48.998781869159 2.4993163636364 9.9914663431826
49.498769439252 2.4993163636364 10.672614959747
49.998757009346 2.4993163636364 11.60567590368
50.498744579439 2.4993163636364 11.707591975734
50.998732149533 2.4993163636364 12.101717249894
51.498719719626 2.4993163636364 10.60554096234
51.99870728972 2.4993163636364 8.9974132482596
52.498694859813 2.4993163636364 7.5678773588417
52.998682429907 2.4993163636364 6.0972039563281
53.49867 2.4993163636364 5.4638043821608
0 2.9991796363636 16.742537466854
0.49998757009346 2.9991796363636 15.686650242852
0.99997514018692 2.9991796363636 16.497591397283
1.4999627102804 2.9991796363636 16.644181505904
1.9999502803738 2.9991796363636 16.562262724501
2.4999378504673 2.9991796363636 16.487613235759
2.9999254205607 2.9991796363636 15.539103849941
3.4999129906542 2.9991796363636 14.97799426389
3.9999005607477 2.9991796363636 14.393776587436
4.4998881308411 2.9991796363636 14.151591610793
4.9998757009346 2.9991796363636 14.134115304968
5.499863271028 2.9991796363636 14.058363054283
5.9998508411215 2.9991796363636 14.220513686419
6.499838411215 2.9991796363636 14.382199404897
6.9998259813084 2.9991796363636 14.538087541546
7.4998135514019 2.9991796363636 13.999102768528
7.9998011214953 2.9991796363636 13.161051141404
8.4997886915888 2.9991796363636 12.674456148442
8.9997762616822 2.9991796363636 11.831554150603
9.4997638317757 2.9991796363636 11.37211829011
9.9997514018692 2.9991796363636 11.296203356711
10.499738971963 2.9991796363636 11.023316359661
10.999726542056 2.9991796363636 10.90447807867
11.49971411215 2.9991796363636 10.918093133752
11.999701682243 2.9991796363636 11.161979290155
12.499689252336 2.9991796363636 10.741317705746
12.99967682243 2.9991796363636 10.555349980104
13.499664392523 2.9991796363636 9.898824306775
13.999651962617 2.9991796363636 9.3281721702333
14.49963953271 2.9991796363636 8.3250833431548
14.999627102804 2.9991796363636 7.3757966521979
15.499614672897 2.9991796363636 6.0511498314178
15.999602242991 2.9991796363636 4.4496657956
16.499589813084 2.9991796363636 3.0524172826757
16.999577383178 2.9991796363636 2.4740136337037
17.499564953271 2.9991796363636 2.4449508389483
17.999552523364 2.9991796363636 1.6978154864508
18.499540093458 2.9991796363636 2.0099260649103
18.999527663551 2.9991796363636 2.3875499537643
19.499515233645 2.9991796363636 2.5245739072626
19.999502803738 2.9991796363636 1.728366661121
20.499490373832 2.9991796363636 0.78451217662149
20.999477943925 2.9991796363636 0.022675991011768
21.499465514019 2.9991796363636 -1.0832421642503
21.999453084112 2.9991796363636 -2.8320061316496
22.499440654206 2.9991796363636 -4.2500263054325
22.999428224299 2.9991796363636 -5.2243185970286
23.499415794393 2.9991796363636 -5.6205462552658
23.999403364486 2.9991796363636 -5.5655705722739
24.499390934579 2.9991796363636 -5.4349701544848
24.999378504673 2.9991796363636 -6.6356139964656
25.499366074766 2.9991796363636 -7.6863870749695
25.99935364486 2.9991796363636 -7.9783904157229
26.499341214953 2.9991796363636 -7.7468387976513
26.999328785047 2.9991796363636 -7.6794001023911
27.49931635514 2.9991796363636 -7.6400846566018
27.999303925234 2.9991796363636 -7.3115736036659
28.499291495327 2.9991796363636 -6.0866716521639
28.999279065421 2.9991796363636 -4.9172502444947
29.499266635514 2.9991796363636 -4.2913196603344
29.999254205607 2.9991796363636 -4.399607534067
30.499241775701 2.9991796363636 -4.5534218360924
30.999229345794 2.9991796363636 -4.6442136545659
31.499216915888 2.9991796363636 -4.8918092625677
31.999204485981 2.9991796363636 -5.5279929281675
32.499192056075 2.9991796363636 -6.2530179418874
32.999179626168 2.9991796363636 -6.8865557838232
33.499167196262 2.9991796363636 -7.4441324212582
33.999154766355 2.9991796363636 -7.7818880382788
34.499142336449 2.9991796363636 -7.6566237232988
34.999129906542 2.9991796363636 -7.3233170908335
35.499117476636 2.9991796363636 -6.9846128418212
35.999105046729 2.9991796363636 -6.3970683460002
36.499092616822 2.9991796363636 -5.2067954911699
36.999080186916 2.9991796363636 -3.4609797548851
37.499067757009 2.9991796363636 -2.0306197285207
37.999055327103 2.9991796363636 -1.0365874325747
38.499042897196 2.9991796363636 -0.1734423764497
38.99903046729 2.9991796363636 0.84241154022218
39.499018037383 2.9991796363636 1.9422527690447
39.999005607477 2.9991796363636 2.9194186874757
40.49899317757 2.9991796363636 4.2767442633651
40.998980747664 2.9991796363636 5.0000730200442
41.498968317757 2.9991796363636 6.1889634102461
41.99895588785 2.9991796363636 7.2805240009099
42.498943457944 2.9991796363636 7.8285507608644
42.998931028037 2.9991796363636 8.4031919521486
43.498918598131 2.9991796363636 8.2779132682213
43.998906168224 2.9991796363636 8.3328426038784
44.498893738318 2.9991796363636 8.9371662399077
44.998881308411 2.9991796363636 9.3610941628841
45.498868878505 2.9991796363636 9.7867521807516
45.998856448598 2.9991796363636 10.514917876757
46.498844018692 2.9991796363636 10.763272240492
46.998831588785 2.9991796363636 10.333760373406
47.498819158878 2.9991796363636 10.498578244406
47.998806728972 2.9991796363636 9.9220355390659
48.498794299065 2.9991796363636 9.7324213688685
48.998781869159 2.9991796363636 9.2942314453021
49.498769439252 2.9991796363636 9.2571594964264
49.998757009346 2.9991796363636 9.7187333747343
50.498744579439 2.9991796363636 9.9354049611182
50.998732149533 2.9991796363636 9.5811053197324
51.498719719626 2.9991796363636 8.1019194058941
51.99870728972 2.9991796363636 7.0651084211324
52.498694859813 2.9991796363636 6.3141787512291
52.998682429907 2.9991796363636 5.3208227310138
53.49867 2.9991796363636 5.8259637479389
0 3.4990429090909 18.250723776782
0.49998757009346 3.4990429090909 17.744335867935
0.99997514018692 3.4990429090909 19.197588917403
1.4999627102804 3.4990429090909 19.469738213073
1.9999502803738 3.4990429090909 19.251155882087
2.4999378504673 3.4990429090909 19.355953484528
2.9999254205607 3.4990429090909 18.752047090718
3.4999129906542 3.4990429090909 18.364210891999
3.9999005607477 3.4990429090909 18.271126951433
4.4998881308411 3.4990429090909 18.465491221659
4.9998757009346 3.4990429090909 18.630329467024
5.499863271028 3.4990429090909 18.775493398649
5.9998508411215 3.4990429090909 19.280123741895
6.499838411215 3.4990429090909 19.551491193319
6.9998259813084 3.4990429090909 19.701720533106
7.4998135514019 3.4990429090909 19.242911683099
7.9998011214953 3.4990429090909 18.722513381103
8.4997886915888 3.4990429090909 18.40712035225
8.9997762616822 3.4990429090909 17.349211420267
9.4997638317757 3.4990429090909 16.464722997128
9.9997514018692 3.4990429090909 16.507544211023
10.499738971963 3.4990429090909 15.923313879032
10.999726542056 3.4990429090909 15.527993641673
11.49971411215 3.4990429090909 15.130366332644
11.999701682243 3.4990429090909 15.347477274673
12.499689252336 3.4990429090909 15.387684181847
12.99967682243 3.4990429090909 15.536982499365
13.499664392523 3.4990429090909 15.003998523391
13.999651962617 3.4990429090909 14.557752139054
14.49963953271 3.4990429090909 13.760349892658
14.999627102804 3.4990429090909 12.83912072295
15.499614672897 3.4990429090909 11.512054112303
15.999602242991 3.4990429090909 10.340661792541
16.499589813084 3.4990429090909 8.9320380346886
16.999577383178 3.4990429090909 8.2410233064201
17.499564953271 3.4990429090909 7.6660510772605
17.999552523364 3.4990429090909 7.0446990932236
18.499540093458 3.4990429090909 6.7858781539343
18.999527663551 3.4990429090909 6.4502837524908
19.499515233645 3.4990429090909 5.9449325236466
19.999502803738 3.4990429090909 5.6977833483898
20.499490373832 3.4990429090909 4.6378028156753
20.999477943925 3.4990429090909 3.6345287782241
21.499465514019 3.4990429090909 3.1481966698146
21.999453084112 3.4990429090909 1.9355582431243
22.499440654206 3.4990429090909 0.85113844177733
22.999428224299 3.4990429090909 -0.15616492091525
23.499415794393 3.4990429090909 -1.1500764645732
23.999403364486 3.4990429090909 -1.7392931543619
24.499390934579 3.4990429090909 -2.5587493143223
24.999378504673 3.4990429090909 -3.7934358789914
25.499366074766 3.4990429090909 -4.4814767810809
25.99935364486 3.4990429090909 -5.2245597284922
26.499341214953 3.4990429090909 -5.7135673572313
26.999328785047 3.4990429090909 -5.5622838747224
27.49931635514 3.4990429090909 -5.8503716703233
27.999303925234 3.4990429090909 -5.7368914174162
28.499291495327 3.4990429090909 -5.3676483846334
28.999279065421 3.4990429090909 -5.1452188312716
29.499266635514 3.4990429090909 -4.4549938238106
29.999254205607 3.4990429090909 -4.1796208618826
30.499241775701 3.4990429090909 -4.0654002817719
30.999229345794 3.4990429090909 -3.9117449527508
31.499216915888 3.4990429090909 -4.3625962698442
31.999204485981 3.4990429090909 -4.7006282854158
32.499192056075 3.4990429090909 -5.0243990518697
32.999179626168 3.4990429090909 -5.6914770948718
33.499167196262 3.4990429090909 -5.8726461831659
33.999154766355 3.4990429090909 -6.0449654105532
34.499142336449 3.4990429090909 -6.2953356806922
34.999129906542 3.4990429090909 -5.8427587661498
35.499117476636 3.4990429090909 -5.2680598868347
35.999105046729 3.4990429090909 -4.3384315386149
36.499092616822 3.4990429090909 -3.3371298819975
36.999080186916 3.4990429090909 -2.094665642162
37.499067757009 3.4990429090909 -0.72439616188886
37.999055327103 3.4990429090909 0.75441779811416
38.499042897196 3.4990429090909 1.9694073611423
38.99903046729 3.4990429090909 3.1671490965884
39.499018037383 3.4990429090909 3.7344347786766
39.999005607477 3.4990429090909 4.1870930927423
40.49899317757 3.4990429090909 4.7870136787916
40.998980747664 3.4990429090909 4.7826140940427
41.498968317757 3.4990429090909 5.3253146263564
41.99895588785 3.4990429090909 5.2569824592959
42.498943457944 3.4990429090909 4.999596894706
42.998931028037 3.4990429090909 4.9461440905048
43.498918598131 3.4990429090909 5.0361231907741
43.998906168224 3.4990429090909 5.5155886058688
44.498893738318 3.4990429090909 6.4891374372018
44.998881308411 3.4990429090909 7.4071946644968
45.498868878505 3.4990429090909 8.310513673672
45.998856448598 3.4990429090909 9.176607654551
46.498844018692 3.4990429090909 9.5336213117685
46.998831588785 3.4990429090909 9.7584601026597
47.498819158878 3.4990429090909 9.8506026828717
47.998806728972 3.4990429090909 9.643933590466
48.498794299065 3.4990429090909 9.3126428395129
48.998781869159 3.4990429090909 8.7917932171652
49.498769439252 3.4990429090909 8.1807710635516
49.998757009346 3.4990429090909 7.8127523265111
50.498744579439 3.4990429090909 7.8833151842194
50.998732149533 3.4990429090909 7.7187877390191
51.498719719626 3.4990429090909 7.5668785474148
51.99870728972 3.4990429090909 7.4373063564128
52.498694859813 3.4990429090909 7.2612882171481
52.998682429907 3.4990429090909 6.8904253332595
53.49867 3.4990429090909 7.0844163045597
0 3.9989061818182 17.461252986973
0.49998757009346 3.9989061818182 17.49129489988
0.99997514018692 3.9989061818182 18.07059882696
1.4999627102804 3.9989061818182 19.209859291905
1.9999502803738 3.9989061818182 19.72306737715
2.4999378504673 3.9989061818182 19.927812242738
2.9999254205607 3.9989061818182 20.567462047944
3.4999129906542 3.9989061818182 21.176074947345
3.9999005607477 3.9989061818182 21.30489019367
4.4998881308411 3.9989061818182 20.444218632342
4.9998757009346 3.9989061818182 20.240225643489
5.499863271028 3.9989061818182 20.452339815189
5.9998508411215 3.9989061818182 20.418118860582
6.499838411215 3.9989061818182 20.290733566264
6.9998259813084 3.9989061818182 20.292198864471
7.4998135514019 3.9989061818182 20.241927866945
7.9998011214953 3.9989061818182 20.525367374872
8.4997886915888 3.9989061818182 20.434033755937
8.9997762616822 3.9989061818182 20.153816701031
9.4997638317757 3.9989061818182 19.421781896408
9.9997514018692 3.9989061818182 18.863664656522
10.499738971963 3.9989061818182 18.151174276269
10.999726542056 3.9989061818182 17.774852630663
11.49971411215 3.9989061818182 17.015670717321
11.999701682243 3.9989061818182 16.198856362976
12.499689252336 3.9989061818182 15.198854154323
12.99967682243 3.9989061818182 14.570015812744
13.499664392523 3.9989061818182 13.804911110689
13.999651962617 3.9989061818182 13.284797263493
14.49963953271 3.9989061818182 12.62555278946
14.999627102804 3.9989061818182 12.712269689472
15.499614672897 3.9989061818182 12.556588598019
15.999602242991 3.9989061818182 12.757869822164
16.499589813084 3.9989061818182 12.182277050722
16.999577383178 3.9989061818182 11.812134636069
17.499564953271 3.9989061818182 11.105133302954
17.999552523364 3.9989061818182 10.256967800559
18.499540093458 3.9989061818182 8.9970105156574
18.999527663551 3.9989061818182 7.900934067741
19.499515233645 3.9989061818182 6.6524920586636
19.999502803738 3.9989061818182 6.3128798537141
20.499490373832 3.9989061818182 5.6301898640708
20.999477943925 3.9989061818182 4.6062897168543
21.499465514019 3.9989061818182 3.6719793301351
21.999453084112 3.9989061818182 3.0799766427653
22.499440654206 3.9989061818182 2.8755533375475
22.999428224299 3.9989061818182 2.4065710602786
23.499415794393 3.9989061818182 1.7075924975404
23.999403364486 3.9989061818182 1.0719006439842
24.499390934579 3.9989061818182 0.59730884550381
24.999378504673 3.9989061818182 0.09859547876163
25.499366074766 3.9989061818182 -0.242795467624
25.99935364486 3.9989061818182 -0.83171916318062
26.499341214953 3.9989061818182 -1.1625232625284
26.999328785047 3.9989061818182 -0.93736531386913
27.49931635514 3.9989061818182 -0.89772186669315
27.999303925234 3.9989061818182 -1.0312941082961
28.499291495327 3.9989061818182 -1.4661762754589
28.999279065421 3.9989061818182 -1.5922506463123
29.499266635514 3.9989061818182 -1.3905406335868
29.999254205607 3.9989061818182 -1.5738010677128
30.499241775701 3.9989061818182 -2.0722119004434
30.999229345794 3.9989061818182 -2.7149435926219
31.499216915888 3.9989061818182 -3.4897308456569
31.999204485981 3.9989061818182 -3.7715316049292
32.499192056075 3.9989061818182 -3.7580763663482
32.999179626168 3.9989061818182 -4.3326765769177
33.499167196262 3.9989061818182 -4.6351490316543
33.999154766355 3.9989061818182 -4.6021216885301
34.499142336449 3.9989061818182 -4.4181109163487
34.999129906542 3.9989061818182 -3.7956023876669
35.499117476636 3.9989061818182 -2.5599692172402
35.999105046729 3.9989061818182 -1.3537613309398
36.499092616822 3.9989061818182 -0.60951119046226
36.999080186916 3.9989061818182 0.41794050877075
37.499067757009 3.9989061818182 1.9167698154642
37.999055327103 3.9989061818182 3.7350861589287
38.499042897196 3.9989061818182 5.4597718727365
38.99903046729 3.9989061818182 7.0919315116513
39.499018037383 3.9989061818182 7.7517427900447
39.999005607477 3.9989061818182 7.875654282739
40.49899317757 3.9989061818182 7.5822666188307
40.998980747664 3.9989061818182 7.0085256034468
41.498968317757 3.9989061818182 6.6047989585108
41.99895588785 3.9989061818182 5.2965967384262
42.498943457944 3.9989061818182 4.1588863664944
42.998931028037 3.9989061818182 3.1870964686882
43.498918598131 3.9989061818182 2.6448371772254
43.998906168224 3.9989061818182 2.8267203197464
44.498893738318 3.9989061818182 3.7974317568815
44.998881308411 3.9989061818182 5.0024809064057
45.498868878505 3.9989061818182 6.5213315623446
45.998856448598 3.9989061818182 7.5895805994154
46.498844018692 3.9989061818182 8.3457398121064
46.998831588785 3.9989061818182 9.5594905584905
47.498819158878 3.9989061818182 9.7568842076482
47.998806728972 3.9989061818182 10.112211347534
48.498794299065 3.9989061818182 10.344314034566
48.998781869159 3.9989061818182 10.299086839386
49.498769439252 3.9989061818182 10.192654055335
49.998757009346 3.9989061818182 10.33735306896
50.498744579439 3.9989061818182 10.229437521448
50.998732149533 3.9989061818182 9.7634104736383
51.498719719626 3.9989061818182 9.2350258158764
51.99870728972 3.9989061818182 8.5808533497112
52.498694859813 3.9989061818182 7.6413315563945
52.998682429907 3.9989061818182 6.5546691999823
53.49867 3.9989061818182 5.8409482911443
0 4.4987694545455 10.363075226315
0.49998757009346 4.4987694545455 9.7037379634604
0.99997514018692 4.4987694545455 9.7101109709929
1.4999627102804 4.4987694545455 11.110202327359
1.9999502803738 4.4987694545455 11.95087355653
2.4999378504673 4.4987694545455 12.687137332929
2.9999254205607 4.4987694545455 14.6811482913
3.4999129906542 4.4987694545455 17.823604412525
3.9999005607477 4.4987694545455 19.132787501592
4.4998881308411 4.4987694545455 18.879070412219
4.9998757009346 4.4987694545455 19.084355916361
5.499863271028 4.4987694545455 19.360271230744
5.9998508411215 4.4987694545455 18.981161598941
6.499838411215 4.4987694545455 18.531864024335
6.9998259813084 4.4987694545455 18.222833265227
7.4998135514019 4.4987694545455 17.624775002869
7.9998011214953 4.4987694545455 17.362050839723
8.4997886915888 4.4987694545455 17.297952350397
8.9997762616822 4.4987694545455 17.135047192172
9.4997638317757 4.4987694545455 17.13037492261
9.9997514018692 4.4987694545455 16.501507935486
10.499738971963 4.4987694545455 15.682602316754
10.999726542056 4.4987694545455 15.163574952299
11.49971411215 4.4987694545455 14.726973730242
11.999701682243 4.4987694545455 13.534752178143
12.499689252336 4.4987694545455 12.057280201129
12.99967682243 4.4987694545455 10.951333296589
13.499664392523 4.4987694545455 10.236505838024
13.999651962617 4.4987694545455 9.9054977636747
14.49963953271 4.4987694545455 9.5458973073785
14.999627102804 4.4987694545455 10.136427597281
15.499614672897 4.4987694545455 10.522369942107
15.999602242991 4.4987694545455 11.549740495158
16.499589813084 4.4987694545455 11.812843568606
16.999577383178 4.4987694545455 11.863666418705
17.499564953271 4.4987694545455 11.619582953498
17.999552523364 4.4987694545455 10.715811105981
18.499540093458 4.4987694545455 9.0862123613696
18.999527663551 4.4987694545455 7.3087758117735
19.499515233645 4.4987694545455 5.9785543223818
19.999502803738 4.4987694545455 5.6654542229573
20.499490373832 4.4987694545455 4.9204225947188
20.999477943925 4.4987694545455 3.7124148531885
21.499465514019 4.4987694545455 3.2957368146457
21.999453084112 4.4987694545455 4.5996770532878
22.499440654206 4.4987694545455 5.8567041719036
22.999428224299 4.4987694545455 6.3865956696417
23.499415794393 4.4987694545455 6.506942846169
23.999403364486 4.4987694545455 6.3329315830652
24.499390934579 4.4987694545455 6.2558961588196
24.999378504673 4.4987694545455 6.1558531402672
25.499366074766 4.4987694545455 5.874005753627
25.99935364486 4.4987694545455 5.8303824224154
26.499341214953 4.4987694545455 5.4331737669761
26.999328785047 4.4987694545455 5.0564139581885
27.49931635514 4.4987694545455 4.464815793758
27.999303925234 4.4987694545455 2.8674838687417
28.499291495327 4.4987694545455 1.1383578629386
28.999279065421 4.4987694545455 -0.6593119564724
29.499266635514 4.4987694545455 -2.6877317971478
29.999254205607 4.4987694545455 -4.1214217100129
30.499241775701 4.4987694545455 -6.0760292841688
30.999229345794 4.4987694545455 -7.0299126816013
31.499216915888 4.4987694545455 -6.6229474338515
31.999204485981 4.4987694545455 -5.7499086308294
32.499192056075 4.4987694545455 -4.1005956352496
32.999179626168 4.4987694545455 -3.7730379743909
33.499167196262 4.4987694545455 -3.102771407283
33.999154766355 4.4987694545455 -1.863348417254
34.499142336449 4.4987694545455 -1.1766179812739
34.999129906542 4.4987694545455 -1.2835216168939
35.499117476636 4.4987694545455 -0.15226228487907
35.999105046729 4.4987694545455 0.84934486457384
36.499092616822 4.4987694545455 3.0966401164822
36.999080186916 4.4987694545455 4.4536770457732
37.499067757009 4.4987694545455 6.8454608800167
37.999055327103 4.4987694545455 8.2072135650759
38.499042897196 4.4987694545455 9.6471445888971
38.99903046729 4.4987694545455 11.660875386585
39.499018037383 4.4987694545455 14.146003037088
39.999005607477 4.4987694545455 15.369749389802
40.49899317757 4.4987694545455 15.386362434862
40.998980747664 4.4987694545455 14.523501214894
41.498968317757 4.4987694545455 13.740593272563
41.99895588785 4.4987694545455 13.704282486738
42.498943457944 4.4987694545455 13.746142418902
42.998931028037 4.4987694545455 13.256180597573
43.498918598131 4.4987694545455 12.225440942309
43.998906168224 4.4987694545455 11.865613387918
44.498893738318 4.4987694545455 12.130029672212
44.998881308411 4.4987694545455 12.666771985162
45.498868878505 4.4987694545455 13.132175894177
45.998856448598 4.4987694545455 12.880593339783
46.498844018692 4.4987694545455 13.141623634724
46.998831588785 4.4987694545455 13.587983420602
47.498819158878 4.4987694545455 13.629858189921
47.998806728972 4.4987694545455 13.594988628685
48.498794299065 4.4987694545455 13.161525384033
48.998781869159 4.4987694545455 12.590644811394
49.498769439252 4.4987694545455 12.461387236307
49.998757009346 4.4987694545455 12.317581974154
50.498744579439 4.4987694545455 11.711709524742
50.998732149533 4.4987694545455 10.513026948596
51.498719719626 4.4987694545455 9.8340520100652
51.99870728972 4.4987694545455 9.1995483652684
52.498694859813 4.4987694545455 7.8023027442338
52.998682429907 4.4987694545455 6.4366922498737
53.49867 4.4987694545455 4.9189768506171
0 4.9986327272727 8.4648291428973
0.49998757009346 4.9986327272727 13.014870385565
0.99997514018692 4.9986327272727 15.938200444676
1.4999627102804 4.9986327272727 18.100681253007
1.9999502803738 4.9986327272727 18.661714029265
2.4999378504673 4.9986327272727 18.785340439959
2.9999254205607 4.9986327272727 19.670244163526
3.4999129906542 4.9986327272727 18.442471272049
3.9999005607477 4.9986327272727 17.431497673859
4.4998881308411 4.9986327272727 17.731029766351
4.9998757009346 4.9986327272727 19.153185536818
5.499863271028 4.9986327272727 19.387349911125
5.9998508411215 4.9986327272727 18.709093386889
6.499838411215 4.9986327272727 18.162851617909
6.9998259813084 4.9986327272727 19.395964879145
7.4998135514019 4.9986327272727 18.910741899282
7.9998011214953 4.9986327272727 17.821856931542
8.4997886915888 4.9986327272727 16.390254790395
8.9997762616822 4.9986327272727 15.541504184362
9.4997638317757 4.9986327272727 14.289070831336
9.9997514018692 4.9986327272727 13.238027389138
10.499738971963 4.9986327272727 12.659720609239
10.999726542056 4.9986327272727 12.273522292397
11.49971411215 4.9986327272727 12.022564021524
11.999701682243 4.9986327272727 11.526841125574
12.499689252336 4.9986327272727 11.778692447977
12.99967682243 4.9986327272727 11.575374669589
13.499664392523 4.9986327272727 11.776984148592
13.999651962617 4.9986327272727 11.970437716677
14.49963953271 4.9986327272727 11.271297914772
14.999627102804 4.9986327272727 10.940291161158
15.499614672897 4.9986327272727 10.674765277876
15.999602242991 4.9986327272727 9.8224133270578
16.499589813084 4.9986327272727 9.3862007054067
16.999577383178 4.9986327272727 8.4240938978477
17.499564953271 4.9986327272727 7.8142978654993
17.999552523364 4.9986327272727 7.4829862316656
18.499540093458 4.9986327272727 7.50532116183
18.999527663551 4.9986327272727 7.0096447652506
19.499515233645 4.9986327272727 6.6241633065991
19.999502803738 4.9986327272727 6.4185193735338
20.499490373832 4.9986327272727 5.9734843955669
20.999477943925 4.9986327272727 5.2199728126557
21.499465514019 4.9986327272727 4.3897212509613
21.999453084112 4.9986327272727 4.5507813425295
22.499440654206 4.9986327272727 4.5201300310639
22.999428224299 4.9986327272727 3.7290588376548
23.499415794393 4.9986327272727 3.3311402795261
23.999403364486 4.9986327272727 2.6503488720908
24.499390934579 4.9986327272727 2.055309261606
24.999378504673 4.9986327272727 1.1374601646342
25.499366074766 4.9986327272727 -0.50979617969798
25.99935364486 4.9986327272727 -1.4336215582658
26.499341214953 4.9986327272727 -2.0612385982995
26.999328785047 4.9986327272727 -1.981987219455
27.49931635514 4.9986327272727 -1.5029923090259
27.999303925234 4.9986327272727 -1.4379835935405
28.499291495327 4.9986327272727 -1.2725151397235
28.999279065421 4.9986327272727 -0.7119049627406
29.499266635514 4.9986327272727 -0.81063146490087
29.999254205607 4.9986327272727 -0.68986134406118
30.499241775701 4.9986327272727 -0.44997347106641
30.999229345794 4.9986327272727 -0.10700764497765
31.499216915888 4.9986327272727 -0.20563417022332
31.999204485981 4.9986327272727 0.043003919952163
32.499192056075 4.9986327272727 0.75627879278227
32.999179626168 4.9986327272727 0.92798693027919
33.499167196262 4.9986327272727 0.94797674776143
33.999154766355 4.9986327272727 0.35252018497977
34.499142336449 4.9986327272727 0.11383002593309
34.999129906542 4.9986327272727 0.28601634813038
35.499117476636 4.9986327272727 0.90240123241263
35.999105046729 4.9986327272727 1.733915500241
36.499092616822 4.9986327272727 2.6979358682045
36.999080186916 4.9986327272727 4.6756522518718
37.499067757009 4.9986327272727 7.5316938813125
37.999055327103 4.9986327272727 8.7236375422148
38.499042897196 4.9986327272727 10.198907492866
38.99903046729 4.9986327272727 12.117481439463
39.499018037383 4.9986327272727 13.860747092136
39.999005607477 4.9986327272727 16.070984237435
40.49899317757 4.9986327272727 17.054986205405
40.998980747664 4.9986327272727 16.165061506267
41.498968317757 4.9986327272727 14.715120560994
41.99895588785 4.9986327272727 14.122078253192
42.498943457944 4.9986327272727 15.430693961684
42.998931028037 4.9986327272727 14.395729011485
43.498918598131 4.9986327272727 12.838415571519
43.998906168224 4.9986327272727 11.074169746264
44.498893738318 4.9986327272727 10.486810673763
44.998881308411 4.9986327272727 9.9460609224274
45.498868878505 4.9986327272727 9.6001949449325
45.998856448598 4.9986327272727 9.9655019439256
46.498844018692 4.9986327272727 9.6409956408003
46.998831588785 4.9986327272727 8.9223601514569
47.498819158878 4.9986327272727 8.848268485883
47.998806728972 4.9986327272727 9.2111022463357
48.498794299065 4.9986327272727 9.3287255420478
48.998781869159 4.9986327272727 9.5192450157964
49.498769439252 4.9986327272727 9.8147576724222
49.998757009346 4.9986327272727 9.5456871252056
50.498744579439 4.9986327272727 10.015044014679
50.998732149533 4.9986327272727 11.411948214304
51.498719719626 4.9986327272727 13.177702023771
51.99870728972 4.9986327272727 14.734101966046
52.498694859813 4.9986327272727 14.954258876269
52.998682429907 4.9986327272727 15.055666860837
53.49867 4.9986327272727 10.765958404329
0 5.498496 3.7690571502764
0.49998757009346 5.498496 5.2928843354024
0.99997514018692 5.498496 6.9631484739747
1.4999627102804 5.498496 9.2123571305391
1.9999502803738 5.498496 12.637925542997
2.4999378504673 5.498496 15.185587693125
2.9999254205607 5.498496 16.093609052592
3.4999129906542 5.498496 16.463702808931
3.9999005607477 5.498496 16.21442440522
4.4998881308411 5.498496 15.507410129181
4.9998757009346 5.498496 15.393586494332
5.499863271028 5.498496 15.329668007033
5.9998508411215 5.498496 15.357333714659
6.499838411215 5.498496 15.746144275722
6.9998259813084 5.498496 15.808587798789
7.4998135514019 5.498496 16.107001474597
7.9998011214953 5.498496 14.921348744306
8.4997886915888 5.498496 13.584253741031
8.9997762616822 5.498496 11.890007646214
9.4997638317757 5.498496 10.182283857646
9.9997514018692 5.498496 9.6303877860642
10.499738971963 5.498496 8.8103490725631
10.999726542056 5.498496 8.2882175831225
11.49971411215 5.498496 9.9053049776431
11.999701682243 5.498496 11.008079279009
12.499689252336 5.498496 11.89206676517
12.99967682243 5.498496 11.164982686696
13.499664392523 5.498496 8.9405457713471
13.999651962617 5.498496 7.1268050587794
14.49963953271 5.498496 5.5514183220559
14.999627102804 5.498496 4.7003821862126
15.499614672897 5.498496 4.3096862991775
15.999602242991 5.498496 4.0499858644652
16.499589813084 5.498496 5.5518967063533
16.999577383178 5.498496 8.4026674207355
17.499564953271 5.498496 10.454435083529
17.999552523364 5.498496 12.250608659374
18.499540093458 5.498496 13.421574782269
18.999527663551 5.498496 12.952112629425
19.499515233645 5.498496 12.167082458391
19.999502803738 5.498496 11.235565421172
20.499490373832 5.498496 10.449176130908
20.999477943925 5.498496 10.049194099332
21.499465514019 5.498496 9.0228343546462
21.999453084112 5.498496 8.2188267455064
22.499440654206 5.498496 7.2007643047126
22.999428224299 5.498496 6.9339255097188
23.499415794393 5.498496 7.3939352724
23.999403364486 5.498496 6.8910434290165
24.499390934579 5.498496 6.6133263088099
24.999378504673 5.498496 4.4765280558758
25.499366074766 5.498496 2.2781607884045
25.99935364486 5.498496 1.4352714546942
26.499341214953 5.498496 1.0097123700331
26.999328785047 5.498496 -0.97848974806063
27.49931635514 5.498496 -1.522814905903
27.999303925234 5.498496 -1.812433664708
28.499291495327 5.498496 -1.6631712875871
28.999279065421 5.498496 -0.77232727594909
29.499266635514 5.498496 0.31686164339368
29.999254205607 5.498496 1.6605995812822
30.499241775701 5.498496 2.9912978135503
30.999229345794 5.498496 3.7613055591064
31.499216915888 5.498496 4.5600797009984
31.999204485981 5.498496 6.2566624999787
32.499192056075 5.498496 8.1448603664194
32.999179626168 5.498496 8.8614565504348
33.499167196262 5.498496 9.1144224945741
33.999154766355 5.498496 9.6194705220522
34.499142336449 5.498496 11.006466854047
34.999129906542 5.498496 12.023157946112
35.499117476636 5.498496 12.826778630149
35.999105046729 5.498496 13.759901776196
36.499092616822 5.498496 13.744644974664
36.999080186916 5.498496 13.464922077785
37.499067757009 5.498496 14.05296303062
37.999055327103 5.498496 14.38627161275
38.499042897196 5.498496 15.647383777586
38.99903046729 5.498496 15.800320459244
39.499018037383 5.498496 15.744921725712
39.999005607477 5.498496 16.577339089429
40.49899317757 5.498496 17.179991402567
40.998980747664 5.498496 18.609072573432
41.498968317757 5.498496 19.226067608796
41.99895588785 5.498496 20.065878531392
42.498943457944 5.498496 19.095248546283
42.998931028037 5.498496 16.105692069271
43.498918598131 5.498496 13.763302690337
43.998906168224 5.498496 14.216865408786
44.498893738318 5.498496 16.45173429309
44.998881308411 5.498496 17.898261458524
45.498868878505 5.498496 19.040107977255
45.998856448598 5.498496 19.478405836186
46.498844018692 5.498496 19.277346456179
46.998831588785 5.498496 19.269617181221
47.498819158878 5.498496 21.411335420256
47.998806728972 5.498496 21.189101145968
48.498794299065 5.498496 18.662167310536
48.998781869159 5.498496 15.890082849131
49.498769439252 5.498496 12.743504699395
49.998757009346 5.498496 7.0222299985662
50.498744579439 5.498496 8.4235936642548
50.998732149533 5.498496 10.29115331618
51.498719719626 5.498496 10.169585926714
51.99870728972 5.498496 8.1759289656844
52.498694859813 5.498496 5.4815707049248
52.998682429907 5.498496 3.216784560726
53.49867 5.498496 2.2273318669701
0 5.9983592727273 1.658812267979
0.49998757009346 5.9983592727273 2.1560005277998
0.99997514018692 5.9983592727273 3.4341295102945
1.4999627102804 5.9983592727273 4.6641476109778
1.9999502803738 5.9983592727273 6.4359425073056
2.4999378504673 5.9983592727273 7.3239593269667
2.9999254205607 5.9983592727273 8.9663093078296
3.4999129906542 5.9983592727273 10.044680758678
3.9999005607477 5.9983592727273 10.20372037024
4.4998881308411 5.9983592727273 10.934307345894
4.9998757009346 5.9983592727273 12.444900097691
5.499863271028 5.9983592727273 13.92206487102
5.9998508411215 5.9983592727273 14.724515514329
6.499838411215 5.9983592727273 15.374455547146
6.9998259813084 5.9983592727273 16.598959755231
7.4998135514019 5.9983592727273 17.501404037982
7.9998011214953 5.9983592727273 17.315082867657
8.4997886915888 5.9983592727273 17.734103034071
8.9997762616822 5.9983592727273 18.521359429104
9.4997638317757 5.9983592727273 19.68281234948
9.9997514018692 5.9983592727273 21.041599356624
10.499738971963 5.9983592727273 21.881269752245
10.999726542056 5.9983592727273 22.490744001876
11.49971411215 5.9983592727273 22.664125553229
11.999701682243 5.9983592727273 22.336633576414
12.499689252336 5.9983592727273 21.997745699488
12.99967682243 5.9983592727273 21.548060962186
13.499664392523 5.9983592727273 20.692298981677
13.999651962617 5.9983592727273 20.142295909372
14.49963953271 5.9983592727273 19.62780799058
14.999627102804 5.9983592727273 19.115390489818
15.499614672897 5.9983592727273 18.370763655515
15.999602242991 5.9983592727273 17.850824019106
16.499589813084 5.9983592727273 17.06389574783
16.999577383178 5.9983592727273 16.424561736923
17.499564953271 5.9983592727273 16.788155861912
17.999552523364 5.9983592727273 17.376544750756
18.499540093458 5.9983592727273 17.800653203192
18.999527663551 5.9983592727273 17.176993760449
19.499515233645 5.9983592727273 15.985726083503
19.999502803738 5.9983592727273 14.818955050286
20.499490373832 5.9983592727273 12.930972385336
20.999477943925 5.9983592727273 10.137668709414
21.499465514019 5.9983592727273 7.5146224757637
21.999453084112 5.9983592727273 5.0302945552074
22.499440654206 5.9983592727273 3.984777934283
22.999428224299 5.9983592727273 3.8499137228396
23.499415794393 5.9983592727273 4.0893446461093
23.999403364486 5.9983592727273 5.3172993742273
24.499390934579 5.9983592727273 5.8221935554498
24.999378504673 5.9983592727273 6.3555052239009
25.499366074766 5.9983592727273 5.8634625364224
25.99935364486 5.9983592727273 4.739727590039
26.499341214953 5.9983592727273 3.9320553655978
26.999328785047 5.9983592727273 2.5682639853591
27.49931635514 5.9983592727273 0.54860099716021
27.999303925234 5.9983592727273 -0.4618488710377
28.499291495327 5.9983592727273 -1.5258351965309
28.999279065421 5.9983592727273 -1.3946362764422
29.499266635514 5.9983592727273 -1.1395978974392
29.999254205607 5.9983592727273 -1.0839365150438
30.499241775701 5.9983592727273 -0.24757603590085
30.999229345794 5.9983592727273 0.27472203081189
31.499216915888 5.9983592727273 0.84275168906826
31.999204485981 5.9983592727273 1.9507294965168
32.499192056075 5.9983592727273 2.2126629095698
32.999179626168 5.9983592727273 2.1722489473575
33.499167196262 5.9983592727273 1.750784920333
33.999154766355 5.9983592727273 1.5706154722735
34.499142336449 5.9983592727273 1.5157129201408
34.999129906542 5.9983592727273 1.0930720798631
35.499117476636 5.9983592727273 1.0307695823204
35.999105046729 5.9983592727273 1.2237564638363
36.499092616822 5.9983592727273 0.75289231230317
36.999080186916 5.9983592727273 0.83447297129881
37.499067757009 5.9983592727273 0.54462964774572
37.999055327103 5.9983592727273 0.64307893004552
38.499042897196 5.9983592727273 1.5890457400099
38.99903046729 5.9983592727273 2.3154160376322
39.499018037383 5.9983592727273 2.6213676429762
39.999005607477 5.9983592727273 3.0482513587312
40.49899317757 5.9983592727273 4.4886325585335
40.998980747664 5.9983592727273 5.9934737941506
41.498968317757 5.9983592727273 8.4007000258741
41.99895588785 5.9983592727273 9.6894618540514
42.498943457944 5.9983592727273 10.279792785729
42.998931028037 5.9983592727273 10.559413474498
43.498918598131 5.9983592727273 11.136904601678
43.998906168224 5.9983592727273 10.944198182144
44.498893738318 5.9983592727273 9.7426582440192
44.998881308411 5.9983592727273 8.4089483545825
45.498868878505 5.9983592727273 6.4716987514658
45.998856448598 5.9983592727273 6.0561932311554
46.498844018692 5.9983592727273 6.5882830588407
46.998831588785 5.9983592727273 6.727330436486
47.498819158878 5.9983592727273 6.2641455505767
47.998806728972 5.9983592727273 6.0240843960404
48.498794299065 5.9983592727273 5.6950802626151
48.998781869159 5.9983592727273 6.1635884288853
49.498769439252 5.9983592727273 6.9356406315697
49.998757009346 5.9983592727273 5.9860635706837
50.498744579439 5.9983592727273 5.6712169814909
50.998732149533 5.9983592727273 5.4227757430831
51.498719719626 5.9983592727273 6.0889132334589
51.99870728972 5.9983592727273 6.0912072497487
52.498694859813 5.9983592727273 5.8304951476365
52.998682429907 5.9983592727273 4.4907562305062
53.49867 5.9983592727273 2.951159502811
0 6.4982225454545 8.1298370129218
0.49998757009346 6.4982225454545 10.320808094883
0.99997514018692 6.4982225454545 12.593666249844
1.4999627102804 6.4982225454545 14.061089622346
1.9999502803738 6.4982225454545 15.080684858605
2.4999378504673 6.4982225454545 14.615539597761
2.9999254205607 6.4982225454545 14.740189137295
3.4999129906542 6.4982225454545 13.627796702421
3.9999005607477 6.4982225454545 13.079499442796
4.4998881308411 6.4982225454545 12.726390782537
4.9998757009346 6.4982225454545 12.302135181354
5.499863271028 6.4982225454545 12.184452836216
5.9998508411215 6.4982225454545 13.499319415167
6.499838411215 6.4982225454545 14.077259391943
6.9998259813084 6.4982225454545 15.18600116068
7.4998135514019 6.4982225454545 16.338747584287
7.9998011214953 6.4982225454545 17.776482589444
8.4997886915888 6.4982225454545 19.939598411636
8.9997762616822 6.4982225454545 21.763597522038
9.4997638317757 6.4982225454545 20.926490805574
9.9997514018692 6.4982225454545 20.143246642396
10.499738971963 6.4982225454545 20.535950822848
10.999726542056 6.4982225454545 20.869338421528
11.49971411215 6.4982225454545 19.427018790255
11.999701682243 6.4982225454545 18.195751722189
12.499689252336 6.4982225454545 18.469871704981
12.99967682243 6.4982225454545 18.602430420696
13.499664392523 6.4982225454545 18.580265728804
13.999651962617 6.4982225454545 19.821744640054
14.49963953271 6.4982225454545 20.690474352218
14.999627102804 6.4982225454545 21.442042919149
15.499614672897 6.4982225454545 21.37609115769
15.999602242991 6.4982225454545 20.913709899859
16.499589813084 6.4982225454545 19.020808677469
16.999577383178 6.4982225454545 15.623605516916
17.499564953271 6.4982225454545 12.949844392179
17.999552523364 6.4982225454545 10.053945415024
18.499540093458 6.4982225454545 10.143630573692
18.999527663551 6.4982225454545 9.7113848807149
19.499515233645 6.4982225454545 11.093411263389
19.999502803738 6.4982225454545 13.111590002224
20.499490373832 6.4982225454545 15.163148833914
20.999477943925 6.4982225454545 15.88038219443
21.499465514019 6.4982225454545 16.121206710148
21.999453084112 6.4982225454545 14.713540182745
22.499440654206 6.4982225454545 12.528929500988
22.999428224299 6.4982225454545 10.860612718058
23.499415794393 6.4982225454545 8.5838352529947
23.999403364486 6.4982225454545 6.2582823507545
24.499390934579 6.4982225454545 5.3027158739889
24.999378504673 6.4982225454545 5.0413201808833
25.499366074766 6.4982225454545 4.9277267412839
25.99935364486 6.4982225454545 4.5011048208542
26.499341214953 6.4982225454545 4.1405681356883
26.999328785047 6.4982225454545 3.8099871647863
27.49931635514 6.4982225454545 3.6260911494885
27.999303925234 6.4982225454545 3.1033251990269
28.499291495327 6.4982225454545 3.4520882544158
28.999279065421 6.4982225454545 3.3308447348903
29.499266635514 6.4982225454545 3.8891727481108
29.999254205607 6.4982225454545 3.2441872413894
30.499241775701 6.4982225454545 3.3092604246001
30.999229345794 6.4982225454545 2.9450351142591
31.499216915888 6.4982225454545 2.1551411278108
31.999204485981 6.4982225454545 2.4382762683709
32.499192056075 6.4982225454545 3.8299293450639
32.999179626168 6.4982225454545 5.5632127331142
33.499167196262 6.4982225454545 6.8645039585731
33.999154766355 6.4982225454545 8.3493546443686
34.499142336449 6.4982225454545 8.556849905562
34.999129906542 6.4982225454545 8.5823011675738
35.499117476636 6.4982225454545 6.8203105077991
35.999105046729 6.4982225454545 4.3090285132598
36.499092616822 6.4982225454545 3.3199208325995
36.999080186916 6.4982225454545 2.2313806892933
37.499067757009 6.4982225454545 1.0729089099269
37.999055327103 6.4982225454545 1.2468500541361
38.499042897196 6.4982225454545 1.8675089762574
38.99903046729 6.4982225454545 3.2608205032885
39.499018037383 6.4982225454545 4.7136786721331
39.999005607477 6.4982225454545 4.3784494831644
40.49899317757 6.4982225454545 4.6999035318658
40.998980747664 6.4982225454545 5.3144634055676
41.498968317757 6.4982225454545 5.4220747584122
41.99895588785 6.4982225454545 5.6303418123432
42.498943457944 6.4982225454545 6.2748352185539
42.998931028037 6.4982225454545 6.971247826493
43.498918598131 6.4982225454545 7.8195289518038
43.998906168224 6.4982225454545 8.6272688113998
44.498893738318 6.4982225454545 9.1232488366967
44.998881308411 6.4982225454545 10.122523025939
45.498868878505 6.4982225454545 9.7825764607883
45.998856448598 6.4982225454545 8.600391364116
46.498844018692 6.4982225454545 7.3915007441896
46.998831588785 6.4982225454545 5.5583416345281
47.498819158878 6.4982225454545 4.3439879805065
47.998806728972 6.4982225454545 2.0111601894662
48.498794299065 6.4982225454545 1.6272605603099
48.998781869159 6.4982225454545 0.62363551540365
49.498769439252 6.4982225454545 0.91383040470632
49.998757009346 6.4982225454545 1.3028126650817
50.498744579439 6.4982225454545 0.75944692704097
50.998732149533 6.4982225454545 0.79703062083924
51.498719719626 6.4982225454545 1.9510999104795
51.99870728972 6.4982225454545 2.2682929223896
52.498694859813 6.4982225454545 3.2766286671002
52.998682429907 6.4982225454545 2.9563858071632
53.49867 6.4982225454545 3.261957679783
0 6.9980858181818 6.3027322399909
0.49998757009346 6.9980858181818 4.7532365009103
0.99997514018692 6.9980858181818 6.1798338786585
1.4999627102804 6.9980858181818 7.9350865828022
1.9999502803738 6.9980858181818 9.1341322974611
2.4999378504673 6.9980858181818 10.001893254369
2.9999254205607 6.9980858181818 10.749643795832
3.4999129906542 6.9980858181818 10.938242390641
3.9999005607477 6.9980858181818 11.240715087134
4.4998881308411 6.9980858181818 11.620926459142
4.9998757009346 6.9980858181818 11.612295848526
5.499863271028 6.9980858181818 11.494229410193
5.9998508411215 6.9980858181818 12.350673613991
6.499838411215 6.9980858181818 12.624393178723
6.9998259813084 6.9980858181818 12.898655503111
7.4998135514019 6.9980858181818 13.508169565054
7.9998011214953 6.9980858181818 14.430024896493
8.4997886915888 6.9980858181818 15.343940378164
8.9997762616822 6.9980858181818 16.426942206065
9.4997638317757 6.9980858181818 16.160122694191
9.9997514018692 6.9980858181818 15.557005280017
10.499738971963 6.9980858181818 15.736293872991
10.999726542056 6.9980858181818 16.399152024584
11.49971411215 6.9980858181818 15.614656108316
11.999701682243 6.9980858181818 15.405641941583
12.499689252336 6.9980858181818 15.367457540141
12.99967682243 6.9980858181818 15.75736765441
13.499664392523 6.9980858181818 16.19323744483
13.999651962617 6.9980858181818 17.089357949081
14.49963953271 6.9980858181818 19.410503019022
14.999627102804 6.9980858181818 17.330567607485
15.499614672897 6.9980858181818 16.46770991044
15.999602242991 6.9980858181818 15.174417349125
16.499589813084 6.9980858181818 14.027474231655
16.999577383178 6.9980858181818 11.520253279555
17.499564953271 6.9980858181818 8.3775530155704
17.999552523364 6.9980858181818 5.8525483969573
18.499540093458 6.9980858181818 4.493861291099
18.999527663551 6.9980858181818 3.8244795515553
19.499515233645 6.9980858181818 4.238221229645
19.999502803738 6.9980858181818 5.8032959011326
20.499490373832 6.9980858181818 8.2303572432904
20.999477943925 6.9980858181818 10.011866898179
21.499465514019 6.9980858181818 10.618437048738
21.999453084112 6.9980858181818 9.8262353650137
22.499440654206 6.9980858181818 8.5576880265681
22.999428224299 6.9980858181818 7.6298433634137
23.499415794393 6.9980858181818 6.1829342853719
23.999403364486 6.9980858181818 4.5420328792147
24.499390934579 6.9980858181818 3.3828781841815
24.999378504673 6.9980858181818 2.0867292340218
25.499366074766 6.9980858181818 0.86096524728062
25.99935364486 6.9980858181818 -0.098238971721472
26.499341214953 6.9980858181818 -0.94424493806608
26.999328785047 6.9980858181818 -1.5788706749743
27.49931635514 6.9980858181818 -2.0824029615658
27.999303925234 6.9980858181818 -2.720919066439
28.499291495327 6.9980858181818 -2.5267036137097
28.999279065421 6.9980858181818 -2.2757222109403
29.499266635514 6.9980858181818 -2.0284038489132
29.999254205607 6.9980858181818 -1.4631494378569
30.499241775701 6.9980858181818 -1.0311210115713
30.999229345794 6.9980858181818 -0.48088426469655
31.499216915888 6.9980858181818 0.29652438865277
31.999204485981 6.9980858181818 0.83257151842349
32.499192056075 6.9980858181818 1.8620803461199
32.999179626168 6.9980858181818 2.8744855766609
33.499167196262 6.9980858181818 3.5333499249538
33.999154766355 6.9980858181818 4.0103866628762
34.499142336449 6.9980858181818 4.2661570700105
34.999129906542 6.9980858181818 4.6039663699684
35.499117476636 6.9980858181818 4.4476146230395
35.999105046729 6.9980858181818 3.4067644741044
36.499092616822 6.9980858181818 3.0930081550857
36.999080186916 6.9980858181818 3.0175070333882
37.499067757009 6.9980858181818 2.7556472830729
37.999055327103 6.9980858181818 2.7560319682678
38.499042897196 6.9980858181818 2.7514794028295
38.99903046729 6.9980858181818 2.9816659596774
39.499018037383 6.9980858181818 3.1407873064419
39.999005607477 6.9980858181818 2.8725072466769
40.49899317757 6.9980858181818 2.7619133553461
40.998980747664 6.9980858181818 2.1787314291246
41.498968317757 6.9980858181818 1.4267259772038
41.99895588785 6.9980858181818 1.371617038086
42.498943457944 6.9980858181818 2.0505343602625
42.998931028037 6.9980858181818 2.757305078232
43.498918598131 6.9980858181818 3.9180706746738
43.998906168224 6.9980858181818 5.683105610714
44.498893738318 6.9980858181818 7.2282938106865
44.998881308411 6.9980858181818 9.756675382268
45.498868878505 6.9980858181818 11.194279583027
45.998856448598 6.9980858181818 12.317667554017
46.498844018692 6.9980858181818 12.702231161865
46.998831588785 6.9980858181818 12.32106258765
47.498819158878 6.9980858181818 11.85709678498
47.998806728972 6.9980858181818 9.9804096773816
48.498794299065 6.9980858181818 8.0822356312583
48.998781869159 6.9980858181818 5.185753783474
49.498769439252 6.9980858181818 3.2380693840914
49.998757009346 6.9980858181818 1.4789660923274
50.498744579439 6.9980858181818 -0.23343066277224
50.998732149533 6.9980858181818 -0.82072336834227
51.498719719626 6.9980858181818 -0.26780082670808
51.99870728972 6.9980858181818 -0.56136816574452
52.498694859813 6.9980858181818 0.34820046584175
52.998682429907 6.9980858181818 0.40519275554927
53.49867 6.9980858181818 1.5276938021264
0 7.4979490909091 2.9336981011379
0.49998757009346 7.4979490909091 3.6338345812107
0.99997514018692 7.4979490909091 3.7356053867025
1.4999627102804 7.4979490909091 4.5390632199841
1.9999502803738 7.4979490909091 4.9032700012326
2.4999378504673 7.4979490909091 5.6665574453454
2.9999254205607 7.4979490909091 6.4321686691261
3.4999129906542 7.4979490909091 6.9511300088288
3.9999005607477 7.4979490909091 7.756042947869
4.4998881308411 7.4979490909091 8.6118049241966
4.9998757009346 7.4979490909091 9.3463520050203
5.499863271028 7.4979490909091 10.211303643087
5.9998508411215 7.4979490909091 11.053263714473
6.499838411215 7.4979490909091 11.713849323893
6.9998259813084 7.4979490909091 12.302815785791
7.4998135514019 7.4979490909091 12.435793711211
7.9998011214953 7.4979490909091 13.25131342297
8.4997886915888 7.4979490909091 13.935900213077
8.9997762616822 7.4979490909091 14.8199581072
9.4997638317757 7.4979490909091 15.149924088268
9.9997514018692 7.4979490909091 15.547721806356
10.499738971963 7.4979490909091 16.02921737929
10.999726542056 7.4979490909091 16.39664128819
11.49971411215 7.4979490909091 16.20484822073
11.999701682243 7.4979490909091 15.790664872722
12.499689252336 7.4979490909091 14.887707231444
12.99967682243 7.4979490909091 15.168944141471
13.499664392523 7.4979490909091 14.949907984359
13.999651962617 7.4979490909091 14.788423851065
14.49963953271 7.4979490909091 15.811147636993
14.999627102804 7.4979490909091 14.647628257466
15.499614672897 7.4979490909091 14.009168283817
15.999602242991 7.4979490909091 13.467118620149
16.499589813084 7.4979490909091 13.603248507142
16.999577383178 7.4979490909091 13.842065436858
17.499564953271 7.4979490909091 13.045196797841
17.999552523364 7.4979490909091 11.919273971801
18.499540093458 7.4979490909091 11.094405131549
18.999527663551 7.4979490909091 10.469807631239
19.499515233645 7.4979490909091 9.7215420850031
19.999502803738 7.4979490909091 9.1132214274243
20.499490373832 7.4979490909091 8.8616884512745
20.999477943925 7.4979490909091 8.2399059943989
21.499465514019 7.4979490909091 8.3984039878069
21.999453084112 7.4979490909091 8.6088766982985
22.499440654206 7.4979490909091 9.1159265536989
22.999428224299 7.4979490909091 9.1936259707725
23.499415794393 7.4979490909091 8.8435803131188
23.999403364486 7.4979490909091 8.1125408605505
24.499390934579 7.4979490909091 7.0941907221115
24.999378504673 7.4979490909091 6.0310017808945
25.499366074766 7.4979490909091 4.8135235175749
25.99935364486 7.4979490909091 2.6979887771695
26.499341214953 7.4979490909091 0.90123067036236
26.999328785047 7.4979490909091 -0.4877741820655
27.49931635514 7.4979490909091 -0.74382007400398
27.999303925234 7.4979490909091 -0.90316262629926
28.499291495327 7.4979490909091 -0.74366327829796
28.999279065421 7.4979490909091 -0.89586517581717
29.499266635514 7.4979490909091 -0.038324487621029
29.999254205607 7.4979490909091 1.0902294809294
30.499241775701 7.4979490909091 1.5974704889701
30.999229345794 7.4979490909091 1.3897140818563
31.499216915888 7.4979490909091 1.3937254204176
31.999204485981 7.4979490909091 1.3369292088416
32.499192056075 7.4979490909091 1.1628054410024
32.999179626168 7.4979490909091 -1.3861163369649
33.499167196262 7.4979490909091 -3.1172124460197
33.999154766355 7.4979490909091 -3.4193224739012
34.499142336449 7.4979490909091 -2.9565751078787
34.999129906542 7.4979490909091 -2.4696786633537
35.499117476636 7.4979490909091 -2.1350529948689
35.999105046729 7.4979490909091 -1.5836997800673
36.499092616822 7.4979490909091 0.27302203234721
36.999080186916 7.4979490909091 1.9518969877097
37.499067757009 7.4979490909091 2.4257852772636
37.999055327103 7.4979490909091 3.6519822088165
38.499042897196 7.4979490909091 5.4804115383007
38.99903046729 7.4979490909091 6.9068383081753
39.499018037383 7.4979490909091 7.3053703615433
39.999005607477 7.4979490909091 7.1856021126526
40.49899317757 7.4979490909091 7.8200008429254
40.998980747664 7.4979490909091 7.4566268934091
41.498968317757 7.4979490909091 7.0146504232838
41.99895588785 7.4979490909091 5.8751987801949
42.498943457944 7.4979490909091 4.8850717422205
42.998931028037 7.4979490909091 4.972560082173
43.498918598131 7.4979490909091 5.8210387856658
43.998906168224 7.4979490909091 6.9986022414701
44.498893738318 7.4979490909091 8.6588057289154
44.998881308411 7.4979490909091 10.094656574097
45.498868878505 7.4979490909091 11.235668465875
45.998856448598 7.4979490909091 12.322333404645
46.498844018692 7.4979490909091 13.081705206014
46.998831588785 7.4979490909091 13.375312056287
47.498819158878 7.4979490909091 13.093876934725
47.998806728972 7.4979490909091 12.030544984856
48.498794299065 7.4979490909091 10.138759097622
48.998781869159 7.4979490909091 8.3457309696408
49.498769439252 7.4979490909091 7.1014688554466
49.998757009346 7.4979490909091 6.178316777117
50.498744579439 7.4979490909091 5.0782979678499
50.998732149533 7.4979490909091 4.6627015229996
51.498719719626 7.4979490909091 4.732627714802
51.99870728972 7.4979490909091 4.9778471804478
52.498694859813 7.4979490909091 5.3024578860466
52.998682429907 7.4979490909091 4.5438058532924
53.49867 7.4979490909091 4.1060796722812
0 7.9978123636364 -0.44650281073153
0.49998757009346 7.9978123636364 -0.17455331900749
0.99997514018692 7.9978123636364 0.16383068199569
1.4999627102804 7.9978123636364 0.84821715577099
1.9999502803738 7.9978123636364 1.6137193481428
2.4999378504673 7.9978123636364 2.6559302152732
2.9999254205607 7.9978123636364 3.6496308893099
3.4999129906542 7.9978123636364 4.1420738582425
3.9999005607477 7.9978123636364 5.2217385924641
4.4998881308411 7.9978123636364 6.3528193037483
4.9998757009346 7.9978123636364 7.2157275714466
5.499863271028 7.9978123636364 7.8236504339833
5.9998508411215 7.9978123636364 8.4628798919209
6.499838411215 7.9978123636364 9.2618348837386
6.9998259813084 7.9978123636364 9.8221744979349
7.4998135514019 7.9978123636364 10.20630199624
7.9998011214953 7.9978123636364 11.030901346491
8.4997886915888 7.9978123636364 11.639351609289
8.9997762616822 7.9978123636364 12.381960109978
9.4997638317757 7.9978123636364 12.769652942769
9.9997514018692 7.9978123636364 13.465841542622
10.499738971963 7.9978123636364 14.066789409532
10.999726542056 7.9978123636364 14.576859027071
11.49971411215 7.9978123636364 14.99057562967
11.999701682243 7.9978123636364 14.897119760066
12.499689252336 7.9978123636364 14.485641007273
12.99967682243 7.9978123636364 14.839331051207
13.499664392523 7.9978123636364 14.567094272413
13.999651962617 7.9978123636364 13.92742018838
14.49963953271 7.9978123636364 13.291129692277
14.999627102804 7.9978123636364 12.466141613563
15.499614672897 7.9978123636364 11.547310255502
15.999602242991 7.9978123636364 10.717538233054
16.499589813084 7.9978123636364 10.301264551706
16.999577383178 7.9978123636364 10.317564844291
17.499564953271 7.9978123636364 10.28442893892
17.999552523364 7.9978123636364 10.132065424693
18.499540093458 7.9978123636364 10.353679873052
18.999527663551 7.9978123636364 10.304224166349
19.499515233645 7.9978123636364 10.112100085365
19.999502803738 7.9978123636364 9.4641193180923
20.499490373832 7.9978123636364 8.818612390938
20.999477943925 7.9978123636364 7.7145797053577
21.499465514019 7.9978123636364 7.4135786495345
21.999453084112 7.9978123636364 7.2974403409721
22.499440654206 7.9978123636364 7.3240806727611
22.999428224299 7.9978123636364 7.0431778890182
23.499415794393 7.9978123636364 6.5193375815891
23.999403364486 7.9978123636364 5.9062357167846
24.499390934579 7.9978123636364 5.1620324518853
24.999378504673 7.9978123636364 4.5041414920266
25.499366074766 7.9978123636364 3.9213216345417
25.99935364486 7.9978123636364 2.7063396768511
26.499341214953 7.9978123636364 2.0566987332151
26.999328785047 7.9978123636364 1.8166031430984
27.49931635514 7.9978123636364 2.3045391001096
27.999303925234 7.9978123636364 2.8159498053915
28.499291495327 7.9978123636364 3.4259052180837
28.999279065421 7.9978123636364 3.7742946433156
29.499266635514 7.9978123636364 4.5864030114271
29.999254205607 7.9978123636364 4.9672441545908
30.499241775701 7.9978123636364 4.4985345231768
30.999229345794 7.9978123636364 3.6065759511765
31.499216915888 7.9978123636364 2.5626168094433
31.999204485981 7.9978123636364 1.9961685552784
32.499192056075 7.9978123636364 1.0772244411131
32.999179626168 7.9978123636364 -1.3052300359446
33.499167196262 7.9978123636364 -2.7793974952568
33.999154766355 7.9978123636364 -3.0741702908921
34.499142336449 7.9978123636364 -2.8781712467933
34.999129906542 7.9978123636364 -2.5358567752164
35.499117476636 7.9978123636364 -2.2914689850831
35.999105046729 7.9978123636364 -1.7224838772469
36.499092616822 7.9978123636364 -0.36694397752773
36.999080186916 7.9978123636364 0.76108814137566
37.499067757009 7.9978123636364 1.0132416968919
37.999055327103 7.9978123636364 1.7221110016317
38.499042897196 7.9978123636364 2.7741716532796
38.99903046729 7.9978123636364 3.4502370236083
39.499018037383 7.9978123636364 3.5999121146229
39.999005607477 7.9978123636364 3.4516112989856
40.49899317757 7.9978123636364 3.9324853470639
40.998980747664 7.9978123636364 3.9499702412112
41.498968317757 7.9978123636364 4.0725058804905
41.99895588785 7.9978123636364 3.6116163590204
42.498943457944 7.9978123636364 3.2291390150467
42.998931028037 7.9978123636364 3.6438159979198
43.498918598131 7.9978123636364 4.2172182506387
43.998906168224 7.9978123636364 4.9004311475139
44.498893738318 7.9978123636364 6.0454887083081
44.998881308411 7.9978123636364 6.2809590334964
45.498868878505 7.9978123636364 6.4576460182076
45.998856448598 7.9978123636364 6.5171068884622
46.498844018692 7.9978123636364 7.0143164531576
46.998831588785 7.9978123636364 7.515932315322
47.498819158878 7.9978123636364 8.0963884585935
47.998806728972 7.9978123636364 8.2892585002883
48.498794299065 7.9978123636364 8.0809599318064
48.998781869159 7.9978123636364 8.1968648526015
49.498769439252 7.9978123636364 8.3794607488313
49.998757009346 7.9978123636364 8.4863084377879
50.498744579439 7.9978123636364 7.8015748361159
50.998732149533 7.9978123636364 7.2717546214845
51.498719719626 7.9978123636364 6.4457469447003
51.99870728972 7.9978123636364 6.2364882293829
52.498694859813 7.9978123636364 5.8296637783687
52.998682429907 7.9978123636364 4.8090874336582
53.49867 7.9978123636364 4.3502699484326
0 8.4976756363636 -3.1852155848443
0.49998757009346 8.4976756363636 -3.2052618433308
0.99997514018692 8.4976756363636 -2.4185317585078
1.4999627102804 8.4976756363636 -1.2118751103176
1.9999502803738 8.4976756363636 0.25906135397398
2.4999378504673 8.4976756363636 1.4274164835263
2.9999254205607 8.4976756363636 2.4856222917186
3.4999129906542 8.4976756363636 3.387902219429
3.9999005607477 8.4976756363636 4.3550331748399
4.4998881308411 8.4976756363636 5.4146356758879
4.9998757009346 8.4976756363636 6.232188785226
5.499863271028 8.4976756363636 6.4029292073342
5.9998508411215 8.4976756363636 6.8419985116112
6.499838411215 8.4976756363636 7.6842075426055
6.9998259813084 8.4976756363636 8.1036222093764
7.4998135514019 8.4976756363636 8.9030145272802
7.9998011214953 8.4976756363636 9.7762737040684
8.4997886915888 8.4976756363636 10.17700604411
8.9997762616822 8.4976756363636 10.482256757856
9.4997638317757 8.4976756363636 11.000041572814
9.9997514018692 8.4976756363636 11.072266639757
10.499738971963 8.4976756363636 11.580299465219
10.999726542056 8.4976756363636 11.849154041931
11.49971411215 8.4976756363636 12.214744755012
11.999701682243 8.4976756363636 12.625920630514
12.499689252336 8.4976756363636 12.892233821946
12.99967682243 8.4976756363636 13.038640670889
13.499664392523 8.4976756363636 12.884350913117
13.999651962617 8.4976756363636 12.132218321557
14.49963953271 8.4976756363636 11.190797612618
14.999627102804 8.4976756363636 10.006978953262
15.499614672897 8.4976756363636 8.9360355720822
15.999602242991 8.4976756363636 7.8291958831177
16.499589813084 8.4976756363636 6.8951996902416
16.999577383178 8.4976756363636 6.1317797845956
17.499564953271 8.4976756363636 5.6293852516286
17.999552523364 8.4976756363636 5.5901392754468
18.499540093458 8.4976756363636 5.8068079850247
18.999527663551 8.4976756363636 6.0661692330182
19.499515233645 8.4976756363636 5.8994149622575
19.999502803738 8.4976756363636 6.075790228268
20.499490373832 8.4976756363636 6.0501730331363
20.999477943925 8.4976756363636 5.8832065880015
21.499465514019 8.4976756363636 5.7441784122214
21.999453084112 8.4976756363636 5.105607730003
22.499440654206 8.4976756363636 4.3542953131982
22.999428224299 8.4976756363636 4.1011094929554
23.499415794393 8.4976756363636 3.280875864735
23.999403364486 8.4976756363636 3.0384222356546
24.499390934579 8.4976756363636 2.6684447109913
24.999378504673 8.4976756363636 1.8059427068951
25.499366074766 8.4976756363636 1.3655274846723
25.99935364486 8.4976756363636 1.077724993831
26.499341214953 8.4976756363636 1.1943921189653
26.999328785047 8.4976756363636 1.7912110288402
27.49931635514 8.4976756363636 2.4221700834069
27.999303925234 8.4976756363636 2.720328139745
28.499291495327 8.4976756363636 3.4506026705823
28.999279065421 8.4976756363636 4.2239564731064
29.499266635514 8.4976756363636 4.4770467034623
29.999254205607 8.4976756363636 4.3500589371677
30.499241775701 8.4976756363636 3.3130701773453
30.999229345794 8.4976756363636 2.4734500530759
31.499216915888 8.4976756363636 1.8796210951824
31.999204485981 8.4976756363636 1.3141101293496
32.499192056075 8.4976756363636 0.69949094975141
32.999179626168 8.4976756363636 0.18033409903309
33.499167196262 8.4976756363636 -0.17826051375578
33.999154766355 8.4976756363636 -0.30417035867045
34.499142336449 8.4976756363636 -0.21948410208212
34.999129906542 8.4976756363636 -0.24208875712581
35.499117476636 8.4976756363636 0.017085112783808
35.999105046729 8.4976756363636 0.23418642843473
36.499092616822 8.4976756363636 0.21303095035964
36.999080186916 8.4976756363636 0.2637357713766
37.499067757009 8.4976756363636 0.014961119877019
37.999055327103 8.4976756363636 -0.25513535657941
38.499042897196 8.4976756363636 -0.61645837710384
38.99903046729 8.4976756363636 -1.2360874774869
39.499018037383 8.4976756363636 -1.7290146082858
39.999005607477 8.4976756363636 -2.2357079294621
40.49899317757 8.4976756363636 -2.3356394321067
40.998980747664 8.4976756363636 -2.3187960845335
41.498968317757 8.4976756363636 -1.9884378913769
41.99895588785 8.4976756363636 -1.1161619820793
42.498943457944 8.4976756363636 -0.27985379947527
42.998931028037 8.4976756363636 1.0205494800957
43.498918598131 8.4976756363636 2.0793173842389
43.998906168224 8.4976756363636 2.911294317811
44.498893738318 8.4976756363636 3.8234326328343
44.998881308411 8.4976756363636 3.936841196491
45.498868878505 8.4976756363636 4.0966252375065
45.998856448598 8.4976756363636 3.9852427950779
46.498844018692 8.4976756363636 4.3957778163415
46.998831588785 8.4976756363636 4.6114112577648
47.498819158878 8.4976756363636 5.2349998280918
47.998806728972 8.4976756363636 5.7879732687937
48.498794299065 8.4976756363636 6.1054246903953
48.998781869159 8.4976756363636 6.5592121977477
49.498769439252 8.4976756363636 6.8831051790574
49.998757009346 8.4976756363636 6.4571150290548
50.498744579439 8.4976756363636 5.4411629293512
50.998732149533 8.4976756363636 4.4690921886391
51.498719719626 8.4976756363636 2.9765503219931
51.99870728972 8.4976756363636 1.8406822918364
52.498694859813 8.4976756363636 1.0607465980678
52.998682429907 8.4976756363636 0.40187376015307
53.49867 8.4976756363636 0.42466421042455
0 8.9975389090909 -3.1699234672898
0.49998757009346 8.9975389090909 -2.8578666593275
0.99997514018692 8.9975389090909 -2.3303175895826
1.4999627102804 8.9975389090909 -0.83982849333203
1.9999502803738 8.9975389090909 0.3842112230429
2.4999378504673 8.9975389090909 1.4214563944661
2.9999254205607 8.9975389090909 2.2816278360842
3.4999129906542 8.9975389090909 3.5622229327314
3.9999005607477 8.9975389090909 4.2183918635758
4.4998881308411 8.9975389090909 4.9940929233404
4.9998757009346 8.9975389090909 5.7483048556129
5.499863271028 8.9975389090909 6.0013339583997
5.9998508411215 8.9975389090909 6.5608554215507
6.499838411215 8.9975389090909 7.3360145434744
6.9998259813084 8.9975389090909 7.880545237835
7.4998135514019 8.9975389090909 8.69448491749
7.9998011214953 8.9975389090909 9.5957671758628
8.4997886915888 8.9975389090909 9.9797795251392
8.9997762616822 8.9975389090909 10.145254583054
9.4997638317757 8.9975389090909 10.690598232977
9.9997514018692 8.9975389090909 10.528478093069
10.499738971963 8.9975389090909 10.819861890331
10.999726542056 8.9975389090909 10.564269433059
11.49971411215 8.9975389090909 10.38939226493
11.999701682243 8.9975389090909 10.555013290725
12.499689252336 8.9975389090909 10.461124637416
12.99967682243 8.9975389090909 9.8518902509541
13.499664392523 8.9975389090909 9.27265575571
13.999651962617 8.9975389090909 8.486949372268
14.49963953271 8.9975389090909 8.0278409442383
14.999627102804 8.9975389090909 7.4559239470256
15.499614672897 8.9975389090909 7.086766057386
15.999602242991 8.9975389090909 6.8807329663919
16.499589813084 8.9975389090909 6.648743777716
16.999577383178 8.9975389090909 6.6440928408226
17.499564953271 8.9975389090909 6.4894399627621
17.999552523364 8.9975389090909 6.0537640418831
18.499540093458 8.9975389090909 5.9228601293217
18.999527663551 8.9975389090909 5.9172773481017
19.499515233645 8.9975389090909 5.2306545328514
19.999502803738 8.9975389090909 5.2286128417451
20.499490373832 8.9975389090909 5.0232962206154
20.999477943925 8.9975389090909 4.8943156482322
21.499465514019 8.9975389090909 5.0524601132601
21.999453084112 8.9975389090909 4.5834904706993
22.499440654206 8.9975389090909 4.2367857229715
22.999428224299 8.9975389090909 4.5671308530417
23.499415794393 8.9975389090909 4.0963270993061
23.999403364486 8.9975389090909 4.2573781129399
24.499390934579 8.9975389090909 4.0241489356261
24.999378504673 8.9975389090909 3.0098419217382
25.499366074766 8.9975389090909 2.3835742655165
25.99935364486 8.9975389090909 1.7161128063544
26.499341214953 8.9975389090909 1.0724788327097
26.999328785047 8.9975389090909 0.90161446478611
27.49931635514 8.9975389090909 1.0271326951412
27.999303925234 8.9975389090909 0.88622921356596
28.499291495327 8.9975389090909 1.1375991033376
28.999279065421 8.9975389090909 1.4028005650567
29.499266635514 8.9975389090909 1.6797465802669
29.999254205607 8.9975389090909 1.6737656528396
30.499241775701 8.9975389090909 1.1021499958829
30.999229345794 8.9975389090909 0.41396682116485
31.499216915888 8.9975389090909 0.23350317344028
31.999204485981 8.9975389090909 -0.20830755005013
32.499192056075 8.9975389090909 -0.11711848459415
32.999179626168 8.9975389090909 -0.34936402099387
33.499167196262 8.9975389090909 -0.58441681865421
33.999154766355 8.9975389090909 -0.58197916431327
34.499142336449 8.9975389090909 -0.15038694508315
34.999129906542 8.9975389090909 -0.35801832285429
35.499117476636 8.9975389090909 -0.12177367237306
35.999105046729 8.9975389090909 -0.042816602409267
36.499092616822 8.9975389090909 -0.22805579400248
36.999080186916 8.9975389090909 -0.52616479874521
37.499067757009 8.9975389090909 -0.74008983410341
37.999055327103 8.9975389090909 -0.91194150775692
38.499042897196 8.9975389090909 -1.2125028840469
38.99903046729 8.9975389090909 -1.6767837449614
39.499018037383 8.9975389090909 -2.1018959211211
39.999005607477 8.9975389090909 -2.4419043699279
40.49899317757 8.9975389090909 -2.626040672722
40.998980747664 8.9975389090909 -2.7004456335698
41.498968317757 8.9975389090909 -2.3463355318476
41.99895588785 8.9975389090909 -1.3656391681792
42.498943457944 8.9975389090909 -0.59010293981252
42.998931028037 8.9975389090909 0.84627801286592
43.498918598131 8.9975389090909 2.2538806369892
43.998906168224 8.9975389090909 3.2216710544448
44.498893738318 8.9975389090909 4.2792024244555
44.998881308411 8.9975389090909 4.9787578716091
45.498868878505 8.9975389090909 5.5699290997851
45.998856448598 8.9975389090909 5.8604429740682
46.498844018692 8.9975389090909 6.0421557761347
46.998831588785 8.9975389090909 5.5765225285943
47.498819158878 8.9975389090909 5.1939015575331
47.998806728972 8.9975389090909 4.7849127900523
48.498794299065 8.9975389090909 4.2483945079414
48.998781869159 8.9975389090909 3.9263438522321
49.498769439252 8.9975389090909 3.6880659495746
49.998757009346 8.9975389090909 2.7133251689416
50.498744579439 8.9975389090909 1.6607176636661
50.998732149533 8.9975389090909 0.73875383319352
51.498719719626 8.9975389090909 -0.30135201020543
51.99870728972 8.9975389090909 -1.0401226963276
52.498694859813 8.9975389090909 -1.5425653313
52.998682429907 8.9975389090909 -2.0899757923812
53.49867 8.9975389090909 -1.793795519527
0 9.4974021818182 -5.7709994709017
0.49998757009346 9.4974021818182 -5.3624899966663
0.99997514018692 9.4974021818182 -4.69866564434
1.4999627102804 9.4974021818182 -3.2370300244875
1.9999502803738 9.4974021818182 -1.9621220999318
2.4999378504673 9.4974021818182 -0.4713560354885
2.9999254205607 9.4974021818182 0.64593746232331
3.4999129906542 9.4974021818182 1.7880034908615
3.9999005607477 9.4974021818182 2.5154185475588
4.4998881308411 9.4974021818182 3.3123064527437
4.9998757009346 9.4974021818182 3.7958397514261
5.499863271028 9.4974021818182 4.0389363280899
5.9998508411215 9.4974021818182 4.5161127507275
6.499838411215 9.4974021818182 4.9290206200073
6.9998259813084 9.4974021818182 5.5155609585386
7.4998135514019 9.4974021818182 6.1491512707404
7.9998011214953 9.4974021818182 6.9672366716147
8.4997886915888 9.4974021818182 7.5073968695522
8.9997762616822 9.4974021818182 8.0262077482777
9.4997638317757 9.4974021818182 8.3861537382862
9.9997514018692 9.4974021818182 8.6667414096583
10.499738971963 9.4974021818182 8.7697053699689
10.999726542056 9.4974021818182 8.5455462476773
11.49971411215 9.4974021818182 8.1671758304571
11.999701682243 9.4974021818182 7.9119352577629
12.499689252336 9.4974021818182 7.3911282089824
12.99967682243 9.4974021818182 6.3862196649607
13.499664392523 9.4974021818182 5.5733150446095
13.999651962617 9.4974021818182 4.7995953252911
14.49963953271 9.4974021818182 4.462476149747
14.999627102804 9.4974021818182 4.3222486281195
15.499614672897 9.4974021818182 4.5057968725028
15.999602242991 9.4974021818182 4.8523291702385
16.499589813084 9.4974021818182 5.3102249320052
16.999577383178 9.4974021818182 5.5372213792616
17.499564953271 9.4974021818182 5.9064663237895
17.999552523364 9.4974021818182 5.5880325269586
18.499540093458 9.4974021818182 5.5922513648126
18.999527663551 9.4974021818182 5.4196051059857
19.499515233645 9.4974021818182 4.9676433047364
19.999502803738 9.4974021818182 4.591819307782
20.499490373832 9.4974021818182 4.5463451343928
20.999477943925 9.4974021818182 4.4109313087788
21.499465514019 9.4974021818182 4.5082798669153
21.999453084112 9.4974021818182 4.2235877541808
22.499440654206 9.4974021818182 4.1262646052939
22.999428224299 9.4974021818182 4.0319245519003
23.499415794393 9.4974021818182 3.7311531552358
23.999403364486 9.4974021818182 3.4628907872087
24.499390934579 9.4974021818182 2.8167709360086
24.999378504673 9.4974021818182 2.2836226120294
25.499366074766 9.4974021818182 1.699915794013
25.99935364486 9.4974021818182 1.0654242658855
26.499341214953 9.4974021818182 0.76699819198279
26.999328785047 9.4974021818182 0.20222437286714
27.49931635514 9.4974021818182 0.12192880877609
27.999303925234 9.4974021818182 0.20269726405816
28.499291495327 9.4974021818182 0.011455252057247
28.999279065421 9.4974021818182 -0.043906414954084
29.499266635514 9.4974021818182 0.16744585192273
29.999254205607 9.4974021818182 -0.38052524305911
30.499241775701 9.4974021818182 -0.56842951476796
30.999229345794 9.4974021818182 -0.96727993060138
31.499216915888 9.4974021818182 -1.4905902105331
31.999204485981 9.4974021818182 -1.7128825858283
32.499192056075 9.4974021818182 -1.8083939243001
32.999179626168 9.4974021818182 -1.8509198217394
33.499167196262 9.4974021818182 -2.0632094475259
33.999154766355 9.4974021818182 -1.972235179069
34.499142336449 9.4974021818182 -1.7307999398371
34.999129906542 9.4974021818182 -1.6432418963395
35.499117476636 9.4974021818182 -1.4813227807803
35.999105046729 9.4974021818182 -1.4541748878238
36.499092616822 9.4974021818182 -1.7409511548352
36.999080186916 9.4974021818182 -2.2039708839682
37.499067757009 9.4974021818182 -2.1991278301036
37.999055327103 9.4974021818182 -2.2478270002747
38.499042897196 9.4974021818182 -2.4295825771632
38.99903046729 9.4974021818182 -2.5573262651477
39.499018037383 9.4974021818182 -2.5450623624349
39.999005607477 9.4974021818182 -2.0934468918678
40.49899317757 9.4974021818182 -1.7672333004633
40.998980747664 9.4974021818182 -1.5685884563552
41.498968317757 9.4974021818182 -1.1922906378126
41.99895588785 9.4974021818182 -0.59965975543715
42.498943457944 9.4974021818182 -0.11174001104424
42.998931028037 9.4974021818182 0.55578600623952
43.498918598131 9.4974021818182 1.069856885613
43.998906168224 9.4974021818182 1.347021876795
44.498893738318 9.4974021818182 1.6694083990842
44.998881308411 9.4974021818182 2.1393425704311
45.498868878505 9.4974021818182 2.478399775207
45.998856448598 9.4974021818182 2.9368954273986
46.498844018692 9.4974021818182 2.7673847459335
46.998831588785 9.4974021818182 2.3973242462567
47.498819158878 9.4974021818182 2.0575369591444
47.998806728972 9.4974021818182 1.2986076031586
48.498794299065 9.4974021818182 0.77113470610285
48.998781869159 9.4974021818182 0.31081821574911
49.498769439252 9.4974021818182 -0.17722793021437
49.998757009346 9.4974021818182 -0.48029834079211
50.498744579439 9.4974021818182 -0.6965562904294
50.998732149533 9.4974021818182 -0.91222362284685
51.498719719626 9.4974021818182 -1.0031742712426
51.99870728972 9.4974021818182 -0.8117394982728
52.498694859813 9.4974021818182 -0.95801134532528
52.998682429907 9.4974021818182 -1.2905218562793
53.49867 9.4974021818182 -1.1603440312967
0 9.9972654545455 -8.716972724459
0.49998757009346 9.9972654545455 -6.812694337146
0.99997514018692 9.9972654545455 -6.312128821469
1.4999627102804 9.9972654545455 -5.3269060048277
1.9999502803738 9.9972654545455 -4.3515866461023
2.4999378504673 9.9972654545455 -3.6252264412402
2.9999254205607 9.9972654545455 -2.9953340617847
3.4999129906542 9.9972654545455 -2.548077515694
3.9999005607477 9.9972654545455 -2.041711890486
4.4998881308411 9.9972654545455 -1.3074324957356
4.9998757009346 9.9972654545455 -0.92627163703954
5.499863271028 9.9972654545455 -0.57075132164376
5.9998508411215 9.9972654545455 0.11222671018737
6.499838411215 9.9972654545455 1.1167303252534
6.9998259813084 9.9972654545455 2.1333166515247
7.4998135514019 9.9972654545455 3.1072192207855
7.9998011214953 9.9972654545455 4.1680743075755
8.4997886915888 9.9972654545455 5.0499412306703
8.9997762616822 9.9972654545455 5.6422904081888
9.4997638317757 9.9972654545455 6.1409429983178
9.9997514018692 9.9972654545455 6.3038499917442
10.499738971963 9.9972654545455 6.2766876201399
10.999726542056 9.9972654545455 5.8871268667414
11.49971411215 9.9972654545455 5.0446880266491
11.999701682243 9.9972654545455 4.5411722472369
12.499689252336 9.9972654545455 3.8395893046509
12.99967682243 9.9972654545455 2.6935944419535
13.499664392523 9.9972654545455 1.3056707202036
13.999651962617 9.9972654545455 0.21711231131098
14.49963953271 9.9972654545455 -0.073455892798892
14.999627102804 9.9972654545455 -0.0773165006455
15.499614672897 9.9972654545455 0.31635613158006
15.999602242991 9.9972654545455 1.3945812735156
16.499589813084 9.9972654545455 2.5111324828912
16.999577383178 9.9972654545455 3.1728445360063
17.499564953271 9.9972654545455 3.5346391892405
17.999552523364 9.9972654545455 3.5163311809171
18.499540093458 9.9972654545455 2.9485214603895
18.999527663551 9.9972654545455 2.227661911629
19.499515233645 9.9972654545455 1.4153733558019
19.999502803738 9.9972654545455 0.77139453454921
20.499490373832 9.9972654545455 0.34239070997919
20.999477943925 9.9972654545455 0.23185403357037
21.499465514019 9.9972654545455 0.7376486180342
21.999453084112 9.9972654545455 1.0867148517838
22.499440654206 9.9972654545455 1.6288868109302
22.999428224299 9.9972654545455 2.1638284476335
23.499415794393 9.9972654545455 2.3379111326153
23.999403364486 9.9972654545455 2.1272448235626
24.499390934579 9.9972654545455 1.4350878153173
24.999378504673 9.9972654545455 1.0522932862694
25.499366074766 9.9972654545455 0.64378509961151
25.99935364486 9.9972654545455 -0.036172210599917
26.499341214953 9.9972654545455 -0.51639942307543
26.999328785047 9.9972654545455 -0.92727596295061
27.49931635514 9.9972654545455 -0.99785542514755
27.999303925234 9.9972654545455 -1.0432198731079
28.499291495327 9.9972654545455 -1.1976375634553
28.999279065421 9.9972654545455 -1.2736982026964
29.499266635514 9.9972654545455 -1.3903006066893
29.999254205607 9.9972654545455 -1.6533925190132
30.499241775701 9.9972654545455 -2.0208197976155
30.999229345794 9.9972654545455 -2.3855021563294
31.499216915888 9.9972654545455 -2.8947308920317
31.999204485981 9.9972654545455 -3.2012939019948
32.499192056075 9.9972654545455 -3.8602456972949
32.999179626168 9.9972654545455 -4.146111020282
33.499167196262 9.9972654545455 -4.3098944033162
33.999154766355 9.9972654545455 -4.2570387290895
34.499142336449 9.9972654545455 -4.4172699429144
34.999129906542 9.9972654545455 -4.4166038218432
35.499117476636 9.9972654545455 -4.2072413675786
35.999105046729 9.9972654545455 -3.6325303128554
36.499092616822 9.9972654545455 -3.680255951045
36.999080186916 9.9972654545455 -3.6518600959252
37.499067757009 9.9972654545455 -3.7065319273605
37.999055327103 9.9972654545455 -3.6487516675093
38.499042897196 9.9972654545455 -3.6845223381578
38.99903046729 9.9972654545455 -3.665091549178
39.499018037383 9.9972654545455 -3.6052197263152
39.999005607477 9.9972654545455 -3.229029508033
40.49899317757 9.9972654545455 -2.6103786365204
40.998980747664 9.9972654545455 -1.774877287541
41.498968317757 9.9972654545455 -0.97764384636905
41.99895588785 9.9972654545455 -0.15226205575469
42.498943457944 9.9972654545455 0.40030920350679
42.998931028037 9.9972654545455 0.94148133753755
43.498918598131 9.9972654545455 1.0475964941089
43.998906168224 9.9972654545455 0.56010284988175
44.498893738318 9.9972654545455 0.071946617085768
44.998881308411 9.9972654545455 -0.47659608461296
45.498868878505 9.9972654545455 -0.50331752669649
45.998856448598 9.9972654545455 -0.41881668281377
46.498844018692 9.9972654545455 -0.85753826730116
46.998831588785 9.9972654545455 -1.3139359747904
47.498819158878 9.9972654545455 -1.6000080965624
47.998806728972 9.9972654545455 -1.9748523302558
48.498794299065 9.9972654545455 -2.2614268146959
48.998781869159 9.9972654545455 -2.4638319455508
49.498769439252 9.9972654545455 -3.1290743080741
49.998757009346 9.9972654545455 -3.1390723530827
50.498744579439 9.9972654545455 -2.6755515207448
50.998732149533 9.9972654545455 -2.3194611234052
51.498719719626 9.9972654545455 -1.8311064927041
51.99870728972 9.9972654545455 -1.4563071071168
52.498694859813 9.9972654545455 -1.5369247564186
52.998682429907 9.9972654545455 -1.5845954087041
53.49867 9.9972654545455 -3.5206007198476
0 10.497128727273 -12.407567951638
0.49998757009346 10.497128727273 -12.58935246395
0.99997514018692 10.497128727273 -11.766924224355
1.4999627102804 10.497128727273 -11.087637215353
1.9999502803738 10.497128727273 -10.43759159455
2.4999378504673 10.497128727273 -9.3431479817777
2.9999254205607 10.497128727273 -8.4126142194254
3.4999129906542 10.497128727273 -7.735676840848
3.9999005607477 10.497128727273 -6.6464201405757
4.4998881308411 10.497128727273 -5.5430586489871
4.9998757009346 10.497128727273 -4.0223868889229
5.499863271028 10.497128727273 -3.2257390187292
5.9998508411215 10.497128727273 -2.3089149002024
6.499838411215 10.497128727273 -1.5762954928788
6.9998259813084 10.497128727273 -1.7988649887809
7.4998135514019 10.497128727273 -0.97108618961961
7.9998011214953 10.497128727273 -0.60909634998257
8.4997886915888 10.497128727273 -0.48106292343466
8.9997762616822 10.497128727273 -0.28284377244375
9.4997638317757 10.497128727273 0.030202618287779
9.9997514018692 10.497128727273 0.36613432544553
10.499738971963 10.497128727273 0.0068094012081985
10.999726542056 10.497128727273 -0.2540003798447
11.49971411215 10.497128727273 -0.42495553602304
11.999701682243 10.497128727273 -0.72569586909339
12.499689252336 10.497128727273 -1.100904529786
12.99967682243 10.497128727273 -2.5668807774846
13.499664392523 10.497128727273 -3.9266522210429
13.999651962617 10.497128727273 -5.2396122728301
14.49963953271 10.497128727273 -5.8285448698872
14.999627102804 10.497128727273 -5.8793772424729
15.499614672897 10.497128727273 -5.4122688375012
15.999602242991 10.497128727273 -4.1194900028702
16.499589813084 10.497128727273 -3.2631476950716
16.999577383178 10.497128727273 -2.4572020119984
17.499564953271 10.497128727273 -2.3224799588021
17.999552523364 10.497128727273 -1.9286495740834
18.499540093458 10.497128727273 -1.7132137697195
18.999527663551 10.497128727273 -2.2101026422961
19.499515233645 10.497128727273 -2.6914772684575
19.999502803738 10.497128727273 -3.0276229918511
20.499490373832 10.497128727273 -3.2139145592539
20.999477943925 10.497128727273 -3.3905619818572
21.499465514019 10.497128727273 -3.2006166040354
21.999453084112 10.497128727273 -3.0593208393307
22.499440654206 10.497128727273 -2.1389949226027
22.999428224299 10.497128727273 -1.3528262345741
23.499415794393 10.497128727273 -0.75957238203229
23.999403364486 10.497128727273 -0.57239460066638
24.499390934579 10.497128727273 -0.49422752132198
24.999378504673 10.497128727273 -0.07618116128931
25.499366074766 10.497128727273 -0.82295700671357
25.99935364486 10.497128727273 -1.5296004034057
26.499341214953 10.497128727273 -1.639827129561
26.999328785047 10.497128727273 -1.6388748858817
27.49931635514 10.497128727273 -1.7098468934755
27.999303925234 10.497128727273 -1.597817810611
28.499291495327 10.497128727273 -0.71151631979958
28.999279065421 10.497128727273 -0.92396823300268
29.499266635514 10.497128727273 -1.4004902727978
29.999254205607 10.497128727273 -2.5310244705022
30.499241775701 10.497128727273 -3.6562289324118
30.999229345794 10.497128727273 -4.3006333499735
31.499216915888 10.497128727273 -5.2368598181367
31.999204485981 10.497128727273 -5.6445281301038
32.499192056075 10.497128727273 -6.274311388194
32.999179626168 10.497128727273 -6.3365579411785
33.499167196262 10.497128727273 -5.9536892393832
33.999154766355 10.497128727273 -5.6331640973261
34.499142336449 10.497128727273 -5.2065242711111
34.999129906542 10.497128727273 -4.9665711070089
35.499117476636 10.497128727273 -4.289700642126
35.999105046729 10.497128727273 -3.5517407271746
36.499092616822 10.497128727273 -3.567492219011
36.999080186916 10.497128727273 -3.3578477555334
37.499067757009 10.497128727273 -3.3205546205001
37.999055327103 10.497128727273 -3.7641256742011
38.499042897196 10.497128727273 -3.8175344668154
38.99903046729 10.497128727273 -3.5390818768578
39.499018037383 10.497128727273 -3.8184599951479
39.999005607477 10.497128727273 -3.4050991362344
40.49899317757 10.497128727273 -3.5515162003671
40.998980747664 10.497128727273 -2.5374858322961
41.498968317757 10.497128727273 -1.5410393177482
41.99895588785 10.497128727273 -1.276105110777
42.498943457944 10.497128727273 -0.24130945886061
42.998931028037 10.497128727273 -0.049039600207569
43.498918598131 10.497128727273 -0.036666617169807
43.998906168224 10.497128727273 -0.2238108272256
44.498893738318 10.497128727273 -0.85281179727446
44.998881308411 10.497128727273 -1.4178556808632
45.498868878505 10.497128727273 -1.7398181361276
45.998856448598 10.497128727273 -2.0163608067332
46.498844018692 10.497128727273 -2.3431531397946
46.998831588785 10.497128727273 -2.5911891251817
47.498819158878 10.497128727273 -2.6246077348075
47.998806728972 10.497128727273 -3.2144079458577
48.498794299065 10.497128727273 -3.5811898924941
48.998781869159 10.497128727273 -3.6237501295914
49.498769439252 10.497128727273 -3.9995753481346
49.998757009346 10.497128727273 -4.0803868462457
50.498744579439 10.497128727273 -4.1805919260178
50.998732149533 10.497128727273 -4.3541025896157
51.498719719626 10.497128727273 -4.811221810646
51.99870728972 10.497128727273 -5.0153994800265
52.498694859813 10.497128727273 -5.5151913289023
52.998682429907 10.497128727273 -6.0228113549772
53.49867 10.497128727273 -5.8081375160705
0 10.996992 -16.16022194223
0.49998757009346 10.996992 -14.847542823626
0.99997514018692 10.996992 -13.811214982652
1.4999627102804 10.996992 -13.078673308182
1.9999502803738 10.996992 -11.777322861868
2.4999378504673 10.996992 -10.668816145217
2.9999254205607 10.996992 -9.9973360616638
3.4999129906542 10.996992 -8.9069698938762
3.9999005607477 10.996992 -7.9187002164048
4.4998881308411 10.996992 -6.9002448049846
4.9998757009346 10.996992 -5.9996329851362
5.499863271028 10.996992 -5.1736785032982
5.9998508411215 10.996992 -4.442830799478
6.499838411215 10.996992 -4.0712116744496
6.9998259813084 10.996992 -3.1386153151231
7.4998135514019 10.996992 -2.4180107887158
7.9998011214953 10.996992 -0.70288143974463
8.4997886915888 10.996992 -1.2429291048843
8.9997762616822 10.996992 0.40169574795059
9.4997638317757 10.996992 1.1863659108807
9.9997514018692 10.996992 1.3528671264205
10.499738971963 10.996992 1.463452406009
10.999726542056 10.996992 0.88952150297048
11.49971411215 10.996992 0.36624581078433
11.999701682243 10.996992 -0.96972286225616
12.499689252336 10.996992 -2.5426034309922
12.99967682243 10.996992 -4.016422911098
13.499664392523 10.996992 -6.4230351561385
13.999651962617 10.996992 -7.6510451790539
14.49963953271 10.996992 -9.33134159441
14.999627102804 10.996992 -8.8055753808864
15.499614672897 10.996992 -7.0931313769904
15.999602242991 10.996992 -4.5900056743186
16.499589813084 10.996992 -2.5547616343493
16.999577383178 10.996992 -1.2276208102322
17.499564953271 10.996992 -0.34096035929129
17.999552523364 10.996992 0.41026931072586
18.499540093458 10.996992 0.72065431751171
18.999527663551 10.996992 0.36986673121859
19.499515233645 10.996992 0.49769793996684
19.999502803738 10.996992 0.41989481942767
20.499490373832 10.996992 0.16337773526288
20.999477943925 10.996992 0.16357896854347
21.499465514019 10.996992 0.22716787045213
21.999453084112 10.996992 0.11927859984619
22.499440654206 10.996992 0.16780156466481
22.999428224299 10.996992 0.49928535019227
23.499415794393 10.996992 0.38431581948006
23.999403364486 10.996992 -0.50380867956068
24.499390934579 10.996992 -0.69792614617841
24.999378504673 10.996992 -0.69939864515769
25.499366074766 10.996992 -0.94433366604651
25.99935364486 10.996992 -1.4407165993527
26.499341214953 10.996992 -2.1345271331932
26.999328785047 10.996992 -2.3402213303179
27.49931635514 10.996992 -2.3006850279191
27.999303925234 10.996992 -2.4792387556557
28.499291495327 10.996992 -3.3317211717166
28.999279065421 10.996992 -4.5700928633705
29.499266635514 10.996992 -3.9691441438405
29.999254205607 10.996992 -5.1478638372427
30.499241775701 10.996992 -5.2264357337993
30.999229345794 10.996992 -5.020043859202
31.499216915888 10.996992 -6.0344191630086
31.999204485981 10.996992 -5.2415409143451
32.499192056075 10.996992 -5.4334439462866
32.999179626168 10.996992 -5.7912596778073
33.499167196262 10.996992 -6.7497060880257
33.999154766355 10.996992 -5.4042782396944
34.499142336449 10.996992 -5.1116790286012
34.999129906542 10.996992 -6.3526434334435
35.499117476636 10.996992 -6.5474024567884
35.999105046729 10.996992 -4.2066802628043
36.499092616822 10.996992 -4.4065096455615
36.999080186916 10.996992 -4.7596366241534
37.499067757009 10.996992 -4.6345188773478
37.999055327103 10.996992 -4.4673039720309
38.499042897196 10.996992 -4.1138752844945
38.99903046729 10.996992 -4.1551989396229
39.499018037383 10.996992 -3.8870514380863
39.999005607477 10.996992 -3.9564808787914
40.49899317757 10.996992 -3.3497551656944
40.998980747664 10.996992 -3.450202514991
41.498968317757 10.996992 -3.0297419794841
41.99895588785 10.996992 -2.5368551520264
42.498943457944 10.996992 -2.2373282438947
42.998931028037 10.996992 -1.7326717457078
43.498918598131 10.996992 -1.8700028168421
43.998906168224 10.996992 -2.6986632466791
44.498893738318 10.996992 -2.4767110189659
44.998881308411 10.996992 -2.2274542008193
45.498868878505 10.996992 -2.1644789253047
45.998856448598 10.996992 -2.6588422776546
46.498844018692 10.996992 -2.442803644652
46.998831588785 10.996992 -2.3858472927546
47.498819158878 10.996992 -2.2245452003508
47.998806728972 10.996992 -1.9826005977556
48.498794299065 10.996992 -1.8584571012269
48.998781869159 10.996992 -1.8654458606896
49.498769439252 10.996992 -2.0903220569317
49.998757009346 10.996992 -2.2110074905863
50.498744579439 10.996992 -2.4301857654488
50.998732149533 10.996992 -2.6191916632389
51.498719719626 10.996992 -3.0476012170598
51.99870728972 10.996992 -3.7466480254282
52.498694859813 10.996992 -4.5757604538882
52.998682429907 10.996992 -4.6811723270228
53.49867 10.996992 -5.5469155140324
0 11.496855272727 -18.209230085867
0.49998757009346 11.496855272727 -18.493025913453
0.99997514018692 11.496855272727 -17.579577933773
1.4999627102804 11.496855272727 -16.766288244278
1.9999502803738 11.496855272727 -15.790711271066
2.4999378504673 11.496855272727 -14.876799512033
2.9999254205607 11.496855272727 -13.967286104008
3.4999129906542 11.496855272727 -13.523161304695
3.9999005607477 11.496855272727 -12.669204293727
4.4998881308411 11.496855272727 -11.800840505582
4.9998757009346 11.496855272727 -10.85892073045
5.499863271028 11.496855272727 -10.123926861066
5.9998508411215 11.496855272727 -9.5996732282978
6.499838411215 11.496855272727 -8.6666434925213
6.9998259813084 11.496855272727 -7.7628154756659
7.4998135514019 11.496855272727 -6.6881322989393
7.9998011214953 11.496855272727 -6.1071107565899
8.4997886915888 11.496855272727 -5.3317980577313
8.9997762616822 11.496855272727 -4.3526679310525
9.4997638317757 11.496855272727 -3.3588308068893
9.9997514018692 11.496855272727 -2.2783348709529
10.499738971963 11.496855272727 -1.7116197233036
10.999726542056 11.496855272727 -0.97499610142511
11.49971411215 11.496855272727 -0.71035322441246
11.999701682243 11.496855272727 -1.0058543187839
12.499689252336 11.496855272727 -2.0074738189837
12.99967682243 11.496855272727 -3.835399105594
13.499664392523 11.496855272727 -6.4437905982973
13.999651962617 11.496855272727 -9.4267219253607
14.49963953271 11.496855272727 -11.49407361741
14.999627102804 11.496855272727 -11.667455506221
15.499614672897 11.496855272727 -10.114754742821
15.999602242991 11.496855272727 -7.9017840316209
16.499589813084 11.496855272727 -5.9038078318624
16.999577383178 11.496855272727 -4.5383359563734
17.499564953271 11.496855272727 -3.4990497804206
17.999552523364 11.496855272727 -2.9452105491622
18.499540093458 11.496855272727 -2.7011703314448
18.999527663551 11.496855272727 -2.7728881337824
19.499515233645 11.496855272727 -2.9257055215216
19.999502803738 11.496855272727 -3.093260004319
20.499490373832 11.496855272727 -3.1494161593275
20.999477943925 11.496855272727 -2.9619454281668
21.499465514019 11.496855272727 -2.9445125327627
21.999453084112 11.496855272727 -2.902057112086
22.499440654206 11.496855272727 -2.6910444416792
22.999428224299 11.496855272727 -2.6821557529238
23.499415794393 11.496855272727 -2.6678787415631
23.999403364486 11.496855272727 -2.7335010266364
24.499390934579 11.496855272727 -2.6671864647194
24.999378504673 11.496855272727 -2.8717924526069
25.499366074766 11.496855272727 -3.148154503296
25.99935364486 11.496855272727 -3.4911414249141
26.499341214953 11.496855272727 -3.6547981567966
26.999328785047 11.496855272727 -3.8168335415366
27.49931635514 11.496855272727 -4.1513593888694
27.999303925234 11.496855272727 -4.4098430014243
28.499291495327 11.496855272727 -4.7349566435793
28.999279065421 11.496855272727 -5.0606673333814
29.499266635514 11.496855272727 -5.2312279257313
29.999254205607 11.496855272727 -5.5328697098751
30.499241775701 11.496855272727 -5.5660366557921
30.999229345794 11.496855272727 -5.6423069995113
31.499216915888 11.496855272727 -5.5179497672921
31.999204485981 11.496855272727 -5.3766232723223
32.499192056075 11.496855272727 -5.4188055131478
32.999179626168 11.496855272727 -5.1566520811092
33.499167196262 11.496855272727 -5.0468351770095
33.999154766355 11.496855272727 -4.685395616298
34.499142336449 11.496855272727 -4.4550058920879
34.999129906542 11.496855272727 -4.5062751046317
35.499117476636 11.496855272727 -4.8845107841003
35.999105046729 11.496855272727 -4.6773853572568
36.499092616822 11.496855272727 -4.4534602405426
36.999080186916 11.496855272727 -4.3255346336818
37.499067757009 11.496855272727 -4.0677025968524
37.999055327103 11.496855272727 -3.9203963515948
38.499042897196 11.496855272727 -3.986156053417
38.99903046729 11.496855272727 -3.9569304606809
39.499018037383 11.496855272727 -4.0607900456274
39.999005607477 11.496855272727 -4.0404170061322
40.49899317757 11.496855272727 -3.8584570788795
40.998980747664 11.496855272727 -3.8599533497607
41.498968317757 11.496855272727 -3.856748148303
41.99895588785 11.496855272727 -3.8078343482344
42.498943457944 11.496855272727 -3.7919447179689
42.998931028037 11.496855272727 -3.6813436303444
43.498918598131 11.496855272727 -3.6775806079635
43.998906168224 11.496855272727 -3.7951632021118
44.498893738318 11.496855272727 -3.9282140777131
44.998881308411 11.496855272727 -3.7757301008249
45.498868878505 11.496855272727 -3.5573682701569
45.998856448598 11.496855272727 -3.3581971780074
46.498844018692 11.496855272727 -3.0242000081937
46.998831588785 11.496855272727 -2.9204427152469
47.498819158878 11.496855272727 -3.132025054291
47.998806728972 11.496855272727 -3.3788375396453
48.498794299065 11.496855272727 -4.3109290707489
48.998781869159 11.496855272727 -5.2503076000346
49.498769439252 11.496855272727 -5.7575441886703
49.998757009346 11.496855272727 -6.0561656765672
50.498744579439 11.496855272727 -6.341261200132
50.998732149533 11.496855272727 -6.4056233697603
51.498719719626 11.496855272727 -6.2759081499745
51.99870728972 11.496855272727 -5.7454053547032
52.498694859813 11.496855272727 -4.7335877398389
52.998682429907 11.496855272727 -4.7127460512521
53.49867 11.496855272727 -5.374077207025
0 11.996718545455 -20.764860322008
0.49998757009346 11.996718545455 -20.639267043028
0.99997514018692 11.996718545455 -20.314715712011
1.4999627102804 11.996718545455 -19.399509880364
1.9999502803738 11.996718545455 -18.602221835712
2.4999378504673 11.996718545455 -17.193816087386
2.9999254205607 11.996718545455 -16.458312266716
3.4999129906542 11.996718545455 -14.959632149791
3.9999005607477 11.996718545455 -13.93029208704
4.4998881308411 11.996718545455 -12.422963956961
4.9998757009346 11.996718545455 -11.332387616074
5.499863271028 11.996718545455 -10.03809985257
5.9998508411215 11.996718545455 -9.124885527777
6.499838411215 11.996718545455 -7.7109259518604
6.9998259813084 11.996718545455 -6.7913322948081
7.4998135514019 11.996718545455 -5.9848505150376
7.9998011214953 11.996718545455 -5.3386945567199
8.4997886915888 11.996718545455 -4.4909206753002
8.9997762616822 11.996718545455 -4.0248368034336
9.4997638317757 11.996718545455 -3.7017724590182
9.9997514018692 11.996718545455 -3.642736431018
10.499738971963 11.996718545455 -3.537429647927
10.999726542056 11.996718545455 -3.3531037596552
11.49971411215 11.996718545455 -3.2598518752849
11.999701682243 11.996718545455 -3.5620840321302
12.499689252336 11.996718545455 -4.3388727246355
12.99967682243 11.996718545455 -5.8411781398608
13.499664392523 11.996718545455 -7.529555079394
13.999651962617 11.996718545455 -9.3934009282123
14.49963953271 11.996718545455 -10.471463267309
14.999627102804 11.996718545455 -10.106890435912
15.499614672897 11.996718545455 -8.2504958847313
15.999602242991 11.996718545455 -6.183619887233
16.499589813084 11.996718545455 -4.3620299578136
16.999577383178 11.996718545455 -3.3890113838297
17.499564953271 11.996718545455 -2.6499049595372
17.999552523364 11.996718545455 -2.2366614797299
18.499540093458 11.996718545455 -1.7185456634442
18.999527663551 11.996718545455 -1.4116579142154
19.499515233645 11.996718545455 -1.4662907919746
19.999502803738 11.996718545455 -1.3133041208394
20.499490373832 11.996718545455 -2.0972959861652
20.999477943925 11.996718545455 -2.5883329689299
21.499465514019 11.996718545455 -3.2518518054314
21.999453084112 11.996718545455 -3.858489811446
22.499440654206 11.996718545455 -4.1217635605331
22.999428224299 11.996718545455 -4.1454592143201
23.499415794393 11.996718545455 -4.3423034274819
23.999403364486 11.996718545455 -4.3915902206171
24.499390934579 11.996718545455 -4.1558346371714
24.999378504673 11.996718545455 -4.117247611495
25.499366074766 11.996718545455 -3.7738307007858
25.99935364486 11.996718545455 -3.8700863827403
26.499341214953 11.996718545455 -3.8889649550407
26.999328785047 11.996718545455 -4.1917458845662
27.49931635514 11.996718545455 -4.516039615525
27.999303925234 11.996718545455 -4.8719035472702
28.499291495327 11.996718545455 -5.2430611831175
28.999279065421 11.996718545455 -5.8812732945862
29.499266635514 11.996718545455 -6.3259635134467
29.999254205607 11.996718545455 -6.7276126777755
30.499241775701 11.996718545455 -6.8582859669853
30.999229345794 11.996718545455 -6.8927680152165
31.499216915888 11.996718545455 -6.4337305579755
31.999204485981 11.996718545455 -6.2476571398038
32.499192056075 11.996718545455 -5.8168484426817
32.999179626168 11.996718545455 -5.502414098907
33.499167196262 11.996718545455 -5.3274391182675
33.999154766355 11.996718545455 -4.9644996512022
34.499142336449 11.996718545455 -5.1122321708253
34.999129906542 11.996718545455 -4.9710044304898
35.499117476636 11.996718545455 -5.0885707983302
35.999105046729 11.996718545455 -5.0668938755769
36.499092616822 11.996718545455 -5.1019920493519
36.999080186916 11.996718545455 -4.8665937074157
37.499067757009 11.996718545455 -4.9616494045759
37.999055327103 11.996718545455 -5.0055554292488
38.499042897196 11.996718545455 -4.7745316916005
38.99903046729 11.996718545455 -4.8523467976187
39.499018037383 11.996718545455 -4.6355762407561
39.999005607477 11.996718545455 -4.8349674065907
40.49899317757 11.996718545455 -4.5724615433677
40.998980747664 11.996718545455 -4.8002834364663
41.498968317757 11.996718545455 -4.4745073759922
41.99895588785 11.996718545455 -4.2412159821259
42.498943457944 11.996718545455 -4.1711406358073
42.998931028037 11.996718545455 -4.0323357347275
43.498918598131 11.996718545455 -4.3899344514312
43.998906168224 11.996718545455 -4.1297919516307
44.498893738318 11.996718545455 -4.9698532529259
44.998881308411 11.996718545455 -4.6876699810591
45.498868878505 11.996718545455 -5.1105331620135
45.998856448598 11.996718545455 -5.3820272836681
46.498844018692 11.996718545455 -5.659526955332
46.998831588785 11.996718545455 -5.6805037154784
47.498819158878 11.996718545455 -5.7057303112152
47.998806728972 11.996718545455 -5.7917049559325
48.498794299065 11.996718545455 -5.707742540068
48.998781869159 11.996718545455 -5.8333551652974
49.498769439252 11.996718545455 -5.6026490636475
49.998757009346 11.996718545455 -6.060553108777
50.498744579439 11.996718545455 -5.9887017263937
50.998732149533 11.996718545455 -6.2290325272218
51.498719719626 11.996718545455 -6.175067469249
51.99870728972 11.996718545455 -6.8954071528498
52.498694859813 11.996718545455 -7.3203754046393
52.998682429907 11.996718545455 -7.7861528662845
53.49867 11.996718545455 -7.7374014441732
0 12.496581818182 -20.864945777837
0.49998757009346 12.496581818182 -20.577779661377
0.99997514018692 12.496581818182 -19.985781941638
1.4999627102804 12.496581818182 -18.968651631777
1.9999502803738 12.496581818182 -18.165938376634
2.4999378504673 12.496581818182 -17.774761146623
2.9999254205607 12.496581818182 -17.40267798536
3.4999129906542 12.496581818182 -16.37004782673
3.9999005607477 12.496581818182 -15.264081089715
4.4998881308411 12.496581818182 -14.345063470867
4.9998757009346 12.496581818182 -13.573158317299
5.499863271028 12.496581818182 -12.409061510927
5.9998508411215 12.496581818182 -11.074098262237
6.499838411215 12.496581818182 -9.6982603748167
6.9998259813084 12.496581818182 -8.8410086274714
7.4998135514019 12.496581818182 -8.2545025248833
7.9998011214953 12.496581818182 -7.1882769838827
8.4997886915888 12.496581818182 -6.0010058341182
8.9997762616822 12.496581818182 -5.2825278333634
9.4997638317757 12.496581818182 -5.010463157486
9.9997514018692 12.496581818182 -4.8174892933807
10.499738971963 12.496581818182 -4.3639619650681
10.999726542056 12.496581818182 -3.9390925647045
11.49971411215 12.496581818182 -3.93866086994
11.999701682243 12.496581818182 -4.1284702943355
12.499689252336 12.496581818182 -4.3905329602842
12.99967682243 12.496581818182 -5.1568962836264
13.499664392523 12.496581818182 -6.5555626674837
13.999651962617 12.496581818182 -8.4034122938536
14.49963953271 12.496581818182 -9.3623904216422
14.999627102804 12.496581818182 -8.8374678520248
15.499614672897 12.496581818182 -7.3434068497174
15.999602242991 12.496581818182 -6.0003928809481
16.499589813084 12.496581818182 -4.9736241181488
16.999577383178 12.496581818182 -4.5703010411486
17.499564953271 12.496581818182 -4.4290153438202
17.999552523364 12.496581818182 -4.3244096685657
18.499540093458 12.496581818182 -4.0684630502927
18.999527663551 12.496581818182 -3.9474421780971
19.499515233645 12.496581818182 -3.7237131588748
19.999502803738 12.496581818182 -3.4660764211781
20.499490373832 12.496581818182 -3.4839032866415
20.999477943925 12.496581818182 -3.5754513663369
21.499465514019 12.496581818182 -3.7284679232113
21.999453084112 12.496581818182 -4.0373556652052
22.499440654206 12.496581818182 -4.3213148913395
22.999428224299 12.496581818182 -4.3702026127636
23.499415794393 12.496581818182 -4.302614014967
23.999403364486 12.496581818182 -4.4985673496034
24.499390934579 12.496581818182 -4.7151446532643
24.999378504673 12.496581818182 -4.9602165377141
25.499366074766 12.496581818182 -5.0336682910228
25.99935364486 12.496581818182 -5.3393125536728
26.499341214953 12.496581818182 -5.5008794225881
26.999328785047 12.496581818182 -5.8146083156421
27.49931635514 12.496581818182 -6.1823741951852
27.999303925234 12.496581818182 -6.6056732282669
28.499291495327 12.496581818182 -6.7395719828425
28.999279065421 12.496581818182 -7.1047429880683
29.499266635514 12.496581818182 -7.4514703799162
29.999254205607 12.496581818182 -7.5815311937424
30.499241775701 12.496581818182 -7.5995316574735
30.999229345794 12.496581818182 -7.5267680164349
31.499216915888 12.496581818182 -7.1482520229108
31.999204485981 12.496581818182 -6.9149951874857
32.499192056075 12.496581818182 -6.5052262858426
32.999179626168 12.496581818182 -6.2844826548653
33.499167196262 12.496581818182 -6.1693092168562
33.999154766355 12.496581818182 -6.227344468678
34.499142336449 12.496581818182 -6.4423117077561
34.999129906542 12.496581818182 -6.3260616330912
35.499117476636 12.496581818182 -6.6277059664392
35.999105046729 12.496581818182 -6.5306120931678
36.499092616822 12.496581818182 -6.6666811155738
36.999080186916 12.496581818182 -6.5798414485261
37.499067757009 12.496581818182 -6.7284796254529
37.999055327103 12.496581818182 -6.6533137595218
38.499042897196 12.496581818182 -6.6642794657521
38.99903046729 12.496581818182 -6.6154006255
39.499018037383 12.496581818182 -6.53004110306
39.999005607477 12.496581818182 -6.4032461116198
40.49899317757 12.496581818182 -6.4426359082374
40.998980747664 12.496581818182 -6.2870290690261
41.498968317757 12.496581818182 -6.1921680051446
41.99895588785 12.496581818182 -5.8903718307132
42.498943457944 12.496581818182 -5.9835065291558
42.998931028037 12.496581818182 -5.8862277493253
43.498918598131 12.496581818182 -6.1690746536599
43.998906168224 12.496581818182 -6.4276300389124
44.498893738318 12.496581818182 -6.8741787335086
44.998881308411 12.496581818182 -7.1407012209095
45.498868878505 12.496581818182 -7.3203821154036
45.998856448598 12.496581818182 -7.7415002170225
46.498844018692 12.496581818182 -7.6346188927302
46.998831588785 12.496581818182 -7.7068676544129
47.498819158878 12.496581818182 -7.2952074404471
47.998806728972 12.496581818182 -7.1935212958614
48.498794299065 12.496581818182 -7.0461392064173
48.998781869159 12.496581818182 -7.0490162356433
49.498769439252 12.496581818182 -6.9959962068112
49.998757009346 12.496581818182 -7.2792283939616
50.498744579439 12.496581818182 -7.3216710413884
50.998732149533 12.496581818182 -7.8536811137628
51.498719719626 12.496581818182 -8.2082585396529
51.99870728972 12.496581818182 -8.5095110531079
52.498694859813 12.496581818182 -9.1949964493627
52.998682429907 12.496581818182 -9.5050038241068
53.49867 12.496581818182 -9.2806138193698
0 12.996445090909 -22.920611661225
0.49998757009346 12.996445090909 -23.040552482524
0.99997514018692 12.996445090909 -22.565761823866
1.4999627102804 12.996445090909 -21.356825935924
1.9999502803738 12.996445090909 -20.820867256546
2.4999378504673 12.996445090909 -20.397201785206
2.9999254205607 12.996445090909 -19.087234070638
3.4999129906542 12.996445090909 -19.01827651095
3.9999005607477 12.996445090909 -17.59918130133
4.4998881308411 12.996445090909 -17.1024267787
4.9998757009346 12.996445090909 -16.506156195089
5.499863271028 12.996445090909 -15.384618313483
5.9998508411215 12.996445090909 -14.643395671797
6.499838411215 12.996445090909 -13.537532809332
6.9998259813084 12.996445090909 -12.561553015504
7.4998135514019 12.996445090909 -12.008973706121
7.9998011214953 12.996445090909 -11.60540261821
8.4997886915888 12.996445090909 -10.550486166699
8.9997762616822 12.996445090909 -9.6489404455082
9.4997638317757 12.996445090909 -9.1131809636698
9.9997514018692 12.996445090909 -8.512813505641
10.499738971963 12.996445090909 -7.6960971875129
10.999726542056 12.996445090909 -7.0058371307332
11.49971411215 12.996445090909 -6.4318585814136
11.999701682243 12.996445090909 -6.0829519272204
12.499689252336 12.996445090909 -5.7493074707387
12.99967682243 12.996445090909 -5.7762785944462
13.499664392523 12.996445090909 -6.4508375208414
13.999651962617 12.996445090909 -7.5859629020388
14.49963953271 12.996445090909 -8.3494423289609
14.999627102804 12.996445090909 -8.2143634835557
15.499614672897 12.996445090909 -7.3256306641686
15.999602242991 12.996445090909 -6.6253490268572
16.499589813084 12.996445090909 -6.2453341770105
16.999577383178 12.996445090909 -6.164239831547
17.499564953271 12.996445090909 -6.3558828429466
17.999552523364 12.996445090909 -6.3801646515854
18.499540093458 12.996445090909 -6.5086873953457
18.999527663551 12.996445090909 -6.4673461749277
19.499515233645 12.996445090909 -6.5846515456661
19.999502803738 12.996445090909 -6.4343838761702
20.499490373832 12.996445090909 -6.4610352047692
20.999477943925 12.996445090909 -6.2925845628873
21.499465514019 12.996445090909 -6.2725703835753
21.999453084112 12.996445090909 -6.3484644317463
22.499440654206 12.996445090909 -6.5913389199489
22.999428224299 12.996445090909 -6.6349830418959
23.499415794393 12.996445090909 -6.5961790056024
23.999403364486 12.996445090909 -6.7606457843994
24.499390934579 12.996445090909 -6.9953639898476
24.999378504673 12.996445090909 -7.1439616662545
25.499366074766 12.996445090909 -7.1967323796202
25.99935364486 12.996445090909 -7.3068217199844
26.499341214953 12.996445090909 -7.3813580664632
26.999328785047 12.996445090909 -7.4221365138207
27.49931635514 12.996445090909 -7.6124151757566
27.999303925234 12.996445090909 -7.7288479020047
28.499291495327 12.996445090909 -7.560921694191
28.999279065421 12.996445090909 -7.6685902745529
29.499266635514 12.996445090909 -7.7999977806034
29.999254205607 12.996445090909 -7.6143035867933
30.499241775701 12.996445090909 -7.6207692817692
30.999229345794 12.996445090909 -7.4017606678084
31.499216915888 12.996445090909 -7.1269248740708
31.999204485981 12.996445090909 -7.0593470067111
32.499192056075 12.996445090909 -6.8534867457484
32.999179626168 12.996445090909 -6.8324160459303
33.499167196262 12.996445090909 -6.8116326149479
33.999154766355 12.996445090909 -7.0202520438974
34.499142336449 12.996445090909 -7.0520552951277
34.999129906542 12.996445090909 -7.2559179424936
35.499117476636 12.996445090909 -7.3884380804268
35.999105046729 12.996445090909 -7.501500188706
36.499092616822 12.996445090909 -7.5140139516324
36.999080186916 12.996445090909 -7.5888856724724
37.499067757009 12.996445090909 -7.7217264589358
37.999055327103 12.996445090909 -7.5589883123539
38.499042897196 12.996445090909 -7.5990402066634
38.99903046729 12.996445090909 -7.436523632222
39.499018037383 12.996445090909 -7.0748499629805
39.999005607477 12.996445090909 -6.5615775600542
40.49899317757 12.996445090909 -6.2519840529704
40.998980747664 12.996445090909 -5.8003664908999
41.498968317757 12.996445090909 -5.3086628885934
41.99895588785 12.996445090909 -5.0947870586566
42.498943457944 12.996445090909 -5.1483275519679
42.998931028037 12.996445090909 -5.1665772162804
43.498918598131 12.996445090909 -5.3601990459673
43.998906168224 12.996445090909 -6.0420671131771
44.498893738318 12.996445090909 -6.5088445979403
44.998881308411 12.996445090909 -6.9977215480607
45.498868878505 12.996445090909 -7.4956906146092
45.998856448598 12.996445090909 -8.095359817942
46.498844018692 12.996445090909 -8.2275161412754
46.998831588785 12.996445090909 -8.4059428780615
47.498819158878 12.996445090909 -8.0247605399533
47.998806728972 12.996445090909 -8.0067201693475
48.498794299065 12.996445090909 -8.0728594838248
48.998781869159 12.996445090909 -8.1787886196416
49.498769439252 12.996445090909 -8.079475047063
49.998757009346 12.996445090909 -8.3224665192475
50.498744579439 12.996445090909 -8.3654536246786
50.998732149533 12.996445090909 -8.8307020139919
51.498719719626 12.996445090909 -9.2744854564083
51.99870728972 12.996445090909 -9.6682992918575
52.498694859813 12.996445090909 -10.453038374306
52.998682429907 12.996445090909 -10.860886528327
53.49867 12.996445090909 -11.12900545686
0 13.496308363636 -25.97551926585
0.49998757009346 13.496308363636 -27.417596413074
0.99997514018692 13.496308363636 -27.28030812594
1.4999627102804 13.496308363636 -25.70832721213
1.9999502803738 13.496308363636 -25.525730685418
2.4999378504673 13.496308363636 -24.538674381214
2.9999254205607 13.496308363636 -21.698974696144
3.4999129906542 13.496308363636 -22.671061091648
3.9999005607477 13.496308363636 -20.755374637509
4.4998881308411 13.496308363636 -20.356940225513
4.9998757009346 13.496308363636 -20.025282172108
5.499863271028 13.496308363636 -18.744489252016
5.9998508411215 13.496308363636 -19.1051049184
6.499838411215 13.496308363636 -18.535514043763
6.9998259813084 13.496308363636 -17.79399239816
7.4998135514019 13.496308363636 -17.339304857774
7.9998011214953 13.496308363636 -15.933763752179
8.4997886915888 13.496308363636 -15.224015076503
8.9997762616822 13.496308363636 -14.29678519035
9.4997638317757 13.496308363636 -13.039633050364
9.9997514018692 13.496308363636 -12.706816662674
10.499738971963 13.496308363636 -11.424048705311
10.999726542056 13.496308363636 -10.820410556679
11.49971411215 13.496308363636 -10.089199732259
11.999701682243 13.496308363636 -9.0302220706598
12.499689252336 13.496308363636 -8.5721349823689
12.99967682243 13.496308363636 -7.7569913624604
13.499664392523 13.496308363636 -7.5365242985221
13.999651962617 13.496308363636 -7.7987744523633
14.49963953271 13.496308363636 -8.0538988777694
14.999627102804 13.496308363636 -8.4036906535391
15.499614672897 13.496308363636 -8.3379216098839
15.999602242991 13.496308363636 -8.2925978400855
16.499589813084 13.496308363636 -8.4379249216927
16.999577383178 13.496308363636 -8.3760093240698
17.499564953271 13.496308363636 -8.5614425655911
17.999552523364 13.496308363636 -8.5667714862942
18.499540093458 13.496308363636 -8.5623881237655
18.999527663551 13.496308363636 -8.3982526643561
19.499515233645 13.496308363636 -8.2983721107235
19.999502803738 13.496308363636 -7.9219463799694
20.499490373832 13.496308363636 -7.6216227760039
20.999477943925 13.496308363636 -7.3819395325096
21.499465514019 13.496308363636 -7.6124466038912
21.999453084112 13.496308363636 -7.6146609764613
22.499440654206 13.496308363636 -7.5883916607673
22.999428224299 13.496308363636 -7.6342534401508
23.499415794393 13.496308363636 -8.0505065230649
23.999403364486 13.496308363636 -8.9532704930041
24.499390934579 13.496308363636 -9.5987806595452
24.999378504673 13.496308363636 -10.245914058971
25.499366074766 13.496308363636 -10.655471761176
25.99935364486 13.496308363636 -11.073806165554
26.499341214953 13.496308363636 -10.880294753091
26.999328785047 13.496308363636 -9.4382599557365
27.49931635514 13.496308363636 -8.0562485808376
27.999303925234 13.496308363636 -6.7504792744273
28.499291495327 13.496308363636 -5.5573824659453
28.999279065421 13.496308363636 -5.3574207669229
29.499266635514 13.496308363636 -5.1444647404354
29.999254205607 13.496308363636 -5.5109937020074
30.499241775701 13.496308363636 -6.2992689692886
30.999229345794 13.496308363636 -6.7608313428035
31.499216915888 13.496308363636 -6.9417574727593
31.999204485981 13.496308363636 -7.0913381578797
32.499192056075 13.496308363636 -6.7157031844334
32.999179626168 13.496308363636 -6.6440488521913
33.499167196262 13.496308363636 -6.3806852854705
33.999154766355 13.496308363636 -6.2933395967122
34.499142336449 13.496308363636 -6.2631897088164
34.999129906542 13.496308363636 -6.4956846208786
35.499117476636 13.496308363636 -6.747696785708
35.999105046729 13.496308363636 -7.2729083065346
36.499092616822 13.496308363636 -7.4803518249542
36.999080186916 13.496308363636 -7.8196260001631
37.499067757009 13.496308363636 -8.2586956870314
37.999055327103 13.496308363636 -8.3049448843013
38.499042897196 13.496308363636 -8.4421588589148
38.99903046729 13.496308363636 -8.3961527843756
39.499018037383 13.496308363636 -8.10044427279
39.999005607477 13.496308363636 -7.5574650475736
40.49899317757 13.496308363636 -7.4185789922357
40.998980747664 13.496308363636 -7.2361642885648
41.498968317757 13.496308363636 -6.7277077216598
41.99895588785 13.496308363636 -7.0432043215972
42.498943457944 13.496308363636 -7.0150176460043
42.998931028037 13.496308363636 -7.5603424970255
43.498918598131 13.496308363636 -7.9477393043795
43.998906168224 13.496308363636 -8.3775186233128
44.498893738318 13.496308363636 -8.7303970530347
44.998881308411 13.496308363636 -8.8835656828629
45.498868878505 13.496308363636 -9.0977991495952
45.998856448598 13.496308363636 -9.2379860648047
46.498844018692 13.496308363636 -9.2586774422907
46.998831588785 13.496308363636 -10.213347567335
47.498819158878 13.496308363636 -10.443420151351
47.998806728972 13.496308363636 -10.739098937525
48.498794299065 13.496308363636 -10.267299037632
48.998781869159 13.496308363636 -10.581784603998
49.498769439252 13.496308363636 -9.6990216022798
49.998757009346 13.496308363636 -9.675335227286
50.498744579439 13.496308363636 -9.3948708318465
50.998732149533 13.496308363636 -9.5693775642278
51.498719719626 13.496308363636 -9.7821011502247
51.99870728972 13.496308363636 -10.10712956868
52.498694859813 13.496308363636 -11.058484119083
52.998682429907 13.496308363636 -11.571777615754
53.49867 13.496308363636 -12.010780787598
0 13.996171636364 -32.908877313107
0.49998757009346 13.996171636364 -32.490350464795
0.99997514018692 13.996171636364 -31.496168802649
1.4999627102804 13.996171636364 -30.087462094743
1.9999502803738 13.996171636364 -29.841347342417
2.4999378504673 13.996171636364 -28.514196969683
2.9999254205607 13.996171636364 -26.08096083364
3.4999129906542 13.996171636364 -26.154295435213
3.9999005607477 13.996171636364 -24.292949826266
4.4998881308411 13.996171636364 -23.884368714796
4.9998757009346 13.996171636364 -23.579985430161
5.499863271028 13.996171636364 -22.275412527846
5.9998508411215 13.996171636364 -22.500751747315
6.499838411215 13.996171636364 -22.056606551423
6.9998259813084 13.996171636364 -21.839957187021
7.4998135514019 13.996171636364 -21.705451028304
7.9998011214953 13.996171636364 -20.170160338957
8.4997886915888 13.996171636364 -19.742682286035
8.9997762616822 13.996171636364 -19.029925463531
9.4997638317757 13.996171636364 -17.740497920547
9.9997514018692 13.996171636364 -17.437996469082
10.499738971963 13.996171636364 -15.891362667943
10.999726542056 13.996171636364 -15.087123403063
11.49971411215 13.996171636364 -14.284817789251
11.999701682243 13.996171636364 -12.70742506785
12.499689252336 13.996171636364 -11.758313894583
12.99967682243 13.996171636364 -10.324540631161
13.499664392523 13.996171636364 -9.3464025379283
13.999651962617 13.996171636364 -8.9191843477888
14.49963953271 13.996171636364 -8.5732050407248
14.999627102804 13.996171636364 -9.1097227833583
15.499614672897 13.996171636364 -9.8326980814933
15.999602242991 13.996171636364 -10.193234532462
16.499589813084 13.996171636364 -10.902245073955
16.999577383178 13.996171636364 -10.844135518603
17.499564953271 13.996171636364 -10.72456823588
17.999552523364 13.996171636364 -10.900373800709
18.499540093458 13.996171636364 -10.997657147762
18.999527663551 13.996171636364 -10.822934736039
19.499515233645 13.996171636364 -10.536368865235
19.999502803738 13.996171636364 -10.139127040191
20.499490373832 13.996171636364 -9.8865099362613
20.999477943925 13.996171636364 -9.9141444744111
21.499465514019 13.996171636364 -10.162734635177
21.999453084112 13.996171636364 -9.9965871013232
22.499440654206 13.996171636364 -9.7795814162797
22.999428224299 13.996171636364 -10.313896821061
23.499415794393 13.996171636364 -10.933088660981
23.999403364486 13.996171636364 -12.058468902921
24.499390934579 13.996171636364 -12.640078506514
24.999378504673 13.996171636364 -13.452790469205
25.499366074766 13.996171636364 -14.046256778557
25.99935364486 13.996171636364 -14.679075718872
26.499341214953 13.996171636364 -14.631105867379
26.999328785047 13.996171636364 -13.334372719161
27.49931635514 13.996171636364 -11.235581996569
27.999303925234 13.996171636364 -9.317785129615
28.499291495327 13.996171636364 -7.437375833244
28.999279065421 13.996171636364 -6.028083404578
29.499266635514 13.996171636364 -4.4940780692253
29.999254205607 13.996171636364 -4.484199435273
30.499241775701 13.996171636364 -5.0216763591452
30.999229345794 13.996171636364 -5.5164620831697
31.499216915888 13.996171636364 -6.1072201022305
31.999204485981 13.996171636364 -6.1755300935436
32.499192056075 13.996171636364 -6.3108751333412
32.999179626168 13.996171636364 -6.8458831714586
33.499167196262 13.996171636364 -7.2980428261994
33.999154766355 13.996171636364 -7.2585511531474
34.499142336449 13.996171636364 -7.0100801127949
34.999129906542 13.996171636364 -7.2660303257701
35.499117476636 13.996171636364 -7.4630676497456
35.999105046729 13.996171636364 -7.6783881847137
36.499092616822 13.996171636364 -8.4106567435819
36.999080186916 13.996171636364 -8.3246756402808
37.499067757009 13.996171636364 -8.8750340824327
37.999055327103 13.996171636364 -8.9556128526627
38.499042897196 13.996171636364 -9.4732191174177
38.99903046729 13.996171636364 -9.5964772815552
39.499018037383 13.996171636364 -9.3278026656841
39.999005607477 13.996171636364 -9.1027186035134
40.49899317757 13.996171636364 -9.2914840509843
40.998980747664 13.996171636364 -9.4042339824718
41.498968317757 13.996171636364 -9.5974647150294
41.99895588785 13.996171636364 -10.249589503971
42.498943457944 13.996171636364 -10.244314126887
42.998931028037 13.996171636364 -10.848691403294
43.498918598131 13.996171636364 -11.364961521864
43.998906168224 13.996171636364 -11.45280640088
44.498893738318 13.996171636364 -11.365297097188
44.998881308411 13.996171636364 -11.021890957935
45.498868878505 13.996171636364 -10.866343825823
45.998856448598 13.996171636364 -10.705918060461
46.498844018692 13.996171636364 -10.277956789388
46.998831588785 13.996171636364 -10.210555211963
47.498819158878 13.996171636364 -9.8600626275819
47.998806728972 13.996171636364 -9.1550292289295
48.498794299065 13.996171636364 -10.216473589128
48.998781869159 13.996171636364 -10.495808657957
49.498769439252 13.996171636364 -10.978413515456
49.998757009346 13.996171636364 -11.149008282731
50.498744579439 13.996171636364 -10.953154757092
50.998732149533 13.996171636364 -11.435349998806
51.498719719626 13.996171636364 -11.352736963128
51.99870728972 13.996171636364 -11.311666213487
52.498694859813 13.996171636364 -11.568432106143
52.998682429907 13.996171636364 -12.214346036221
53.49867 13.996171636364 -12.48761670664
0 14.496034909091 -35.756698472868
0.49998757009346 14.496034909091 -35.773326768081
0.99997514018692 14.496034909091 -34.152437272259
1.4999627102804 14.496034909091 -33.182978655429
1.9999502803738 14.496034909091 -32.15622264288
2.4999378504673 14.496034909091 -30.841315061797
2.9999254205607 14.496034909091 -29.837609438337
3.4999129906542 14.496034909091 -28.559042795021
3.9999005607477 14.496034909091 -27.629081297265
4.4998881308411 14.496034909091 -27.3426237811
4.9998757009346 14.496034909091 -26.880023576979
5.499863271028 14.496034909091 -25.798087084121
5.9998508411215 14.496034909091 -25.253910144488
6.499838411215 14.496034909091 -24.275495777379
6.9998259813084 14.496034909091 -23.771672600625
7.4998135514019 14.496034909091 -23.286838010498
7.9998011214953 14.496034909091 -22.361199934048
8.4997886915888 14.496034909091 -22.009212385027
8.9997762616822 14.496034909091 -21.449985518842
9.4997638317757 14.496034909091 -20.849348528098
9.9997514018692 14.496034909091 -20.197225669942
10.499738971963 14.496034909091 -18.899961816369
10.999726542056 14.496034909091 -17.928120733146
11.49971411215 14.496034909091 -16.885862392069
11.999701682243 14.496034909091 -15.130033723019
12.499689252336 14.496034909091 -13.697542369019
12.99967682243 14.496034909091 -12.441370455364
13.499664392523 14.496034909091 -11.186190032174
13.999651962617 14.496034909091 -10.177654609828
14.49963953271 14.496034909091 -9.354090793357
14.999627102804 14.496034909091 -9.5892538752462
15.499614672897 14.496034909091 -10.238908502
15.999602242991 14.496034909091 -10.555267434423
16.499589813084 14.496034909091 -11.459644802313
16.999577383178 14.496034909091 -11.70018579292
17.499564953271 14.496034909091 -11.620427807763
17.999552523364 14.496034909091 -12.019245981694
18.499540093458 14.496034909091 -12.509724528995
18.999527663551 14.496034909091 -12.669313842472
19.499515233645 14.496034909091 -12.717261486679
19.999502803738 14.496034909091 -12.569668517983
20.499490373832 14.496034909091 -12.723779000629
20.999477943925 14.496034909091 -12.872864113187
21.499465514019 14.496034909091 -12.78954181563
21.999453084112 14.496034909091 -12.322723465848
22.499440654206 14.496034909091 -11.774642172233
22.999428224299 14.496034909091 -12.000222686588
23.499415794393 14.496034909091 -11.792279355406
23.999403364486 14.496034909091 -12.112735480772
24.499390934579 14.496034909091 -12.11584083938
24.999378504673 14.496034909091 -12.385653020611
25.499366074766 14.496034909091 -12.686925380573
25.99935364486 14.496034909091 -13.424699784037
26.499341214953 14.496034909091 -14.160047956317
26.999328785047 14.496034909091 -14.649022447034
27.49931635514 14.496034909091 -13.791498931132
27.999303925234 14.496034909091 -12.807358481115
28.499291495327 14.496034909091 -11.481783790665
28.999279065421 14.496034909091 -9.2264355216234
29.499266635514 14.496034909091 -6.8335929040896
29.999254205607 14.496034909091 -5.7522183141708
30.499241775701 14.496034909091 -5.1561075072269
30.999229345794 14.496034909091 -4.8503422666029
31.499216915888 14.496034909091 -5.1617186572479
31.999204485981 14.496034909091 -5.2123502839505
32.499192056075 14.496034909091 -5.9247955314468
32.999179626168 14.496034909091 -7.2767218973309
33.499167196262 14.496034909091 -8.7880784473121
33.999154766355 14.496034909091 -9.5848179697701
34.499142336449 14.496034909091 -9.4673071925585
34.999129906542 14.496034909091 -9.5040526650888
35.499117476636 14.496034909091 -9.1298567491241
35.999105046729 14.496034909091 -8.291631176658
36.499092616822 14.496034909091 -8.6141226055232
36.999080186916 14.496034909091 -7.8396622906955
37.499067757009 14.496034909091 -8.1831260103699
37.999055327103 14.496034909091 -8.245907781451
38.499042897196 14.496034909091 -9.32226048131
38.99903046729 14.496034909091 -9.9323180861068
39.499018037383 14.496034909091 -10.139535008345
39.999005607477 14.496034909091 -10.45974733946
40.49899317757 14.496034909091 -10.325112999213
40.998980747664 14.496034909091 -9.7019794893733
41.498968317757 14.496034909091 -9.9127366088073
41.99895588785 14.496034909091 -10.042979405622
42.498943457944 14.496034909091 -9.9381201687599
42.998931028037 14.496034909091 -10.05153096802
43.498918598131 14.496034909091 -10.505584779521
43.998906168224 14.496034909091 -10.828738409282
44.498893738318 14.496034909091 -11.075317147617
44.998881308411 14.496034909091 -10.951357854501
45.498868878505 14.496034909091 -11.217519348466
45.998856448598 14.496034909091 -11.303048193959
46.498844018692 14.496034909091 -11.09043727346
46.998831588785 14.496034909091 -11.197305481706
47.498819158878 14.496034909091 -11.030184558591
47.998806728972 14.496034909091 -10.458227876969
48.498794299065 14.496034909091 -10.571753971451
48.998781869159 14.496034909091 -10.706898701524
49.498769439252 14.496034909091 -10.757218448934
49.998757009346 14.496034909091 -11.40144617535
50.498744579439 14.496034909091 -11.994251450118
50.998732149533 14.496034909091 -13.182263475801
51.498719719626 14.496034909091 -13.190349880376
51.99870728972 14.496034909091 -13.204893473054
52.498694859813 14.496034909091 -12.848710997546
52.998682429907 14.496034909091 -14.065011045169
53.49867 14.496034909091 -14.777470167721
0 14.995898181818 -35.929209788513
0.49998757009346 14.995898181818 -35.656853460709
0.99997514018692 14.995898181818 -34.505627044567
1.4999627102804 14.995898181818 -33.795189379794
1.9999502803738 14.995898181818 -32.177403797257
2.4999378504673 14.995898181818 -31.273293166327
2.9999254205607 14.995898181818 -30.476659469699
3.4999129906542 14.995898181818 -29.594877107329
3.9999005607477 14.995898181818 -29.572398627875
4.4998881308411 14.995898181818 -29.260545729266
4.9998757009346 14.995898181818 -28.742650278779
5.499863271028 14.995898181818 -27.960680405302
5.9998508411215 14.995898181818 -27.429679738758
6.499838411215 14.995898181818 -25.90368688888
6.9998259813084 14.995898181818 -24.259499396789
7.4998135514019 14.995898181818 -22.932724274441
7.9998011214953 14.995898181818 -22.074210661167
8.4997886915888 14.995898181818 -21.699208194212
8.9997762616822 14.995898181818 -20.903818550145
9.4997638317757 14.995898181818 -20.247636546499
9.9997514018692 14.995898181818 -19.792405555109
10.499738971963 14.995898181818 -18.790917711543
10.999726542056 14.995898181818 -18.200263973881
11.49971411215 14.995898181818 -17.166312189045
11.999701682243 14.995898181818 -15.547162210806
12.499689252336 14.995898181818 -14.717228421374
12.99967682243 14.995898181818 -14.109381456523
13.499664392523 14.995898181818 -13.009477517936
13.999651962617 14.995898181818 -11.870363670938
14.49963953271 14.995898181818 -11.05135554988
14.999627102804 14.995898181818 -10.781706142747
15.499614672897 14.995898181818 -10.710985750545
15.999602242991 14.995898181818 -10.751569256855
16.499589813084 14.995898181818 -11.185285820497
16.999577383178 14.995898181818 -11.526286727471
17.499564953271 14.995898181818 -11.761944286162
17.999552523364 14.995898181818 -12.168128292148
18.499540093458 14.995898181818 -12.493848666705
18.999527663551 14.995898181818 -12.798597837065
19.499515233645 14.995898181818 -12.988663814014
19.999502803738 14.995898181818 -12.845015542076
20.499490373832 14.995898181818 -12.695590851561
20.999477943925 14.995898181818 -12.403611753581
21.499465514019 14.995898181818 -12.237807754938
21.999453084112 14.995898181818 -11.519667307828
22.499440654206 14.995898181818 -10.409241013022
22.999428224299 14.995898181818 -9.4439161591873
23.499415794393 14.995898181818 -8.2506649223975
23.999403364486 14.995898181818 -7.693063351198
24.499390934579 14.995898181818 -7.7386199011682
24.999378504673 14.995898181818 -7.6083587516718
25.499366074766 14.995898181818 -7.8007592832345
25.99935364486 14.995898181818 -8.70304933976
26.499341214953 14.995898181818 -9.6859550063089
26.999328785047 14.995898181818 -10.256903572966
27.49931635514 14.995898181818 -10.360968839998
27.999303925234 14.995898181818 -10.075956110259
28.499291495327 14.995898181818 -9.7358086000121
28.999279065421 14.995898181818 -9.105964018359
29.499266635514 14.995898181818 -8.1713287546121
29.999254205607 14.995898181818 -7.4638550177562
30.499241775701 14.995898181818 -6.9418658067555
30.999229345794 14.995898181818 -6.3219091974949
31.499216915888 14.995898181818 -6.3643243746343
31.999204485981 14.995898181818 -6.5026733259891
32.499192056075 14.995898181818 -6.8542636183312
32.999179626168 14.995898181818 -7.8353255319236
33.499167196262 14.995898181818 -9.1126041360216
33.999154766355 14.995898181818 -10.247082395105
34.499142336449 14.995898181818 -10.247844564988
34.999129906542 14.995898181818 -10.197965084167
35.499117476636 14.995898181818 -9.3976699123582
35.999105046729 14.995898181818 -7.9554452605331
36.499092616822 14.995898181818 -7.017742075477
36.999080186916 14.995898181818 -6.8387811683888
37.499067757009 14.995898181818 -6.8500551189403
37.999055327103 14.995898181818 -6.9673726190716
38.499042897196 14.995898181818 -8.2582064740169
38.99903046729 14.995898181818 -9.4132620806048
39.499018037383 14.995898181818 -10.360358385892
39.999005607477 14.995898181818 -11.002648478048
40.49899317757 14.995898181818 -10.604502718112
40.998980747664 14.995898181818 -9.3770083621879
41.498968317757 14.995898181818 -8.6777215209083
41.99895588785 14.995898181818 -8.2072614210296
42.498943457944 14.995898181818 -7.8731481154862
42.998931028037 14.995898181818 -7.898123393281
43.498918598131 14.995898181818 -8.2118260700176
43.998906168224 14.995898181818 -8.6730092628727
44.498893738318 14.995898181818 -9.7048802065262
44.998881308411 14.995898181818 -10.34989008115
45.498868878505 14.995898181818 -10.878757835398
45.998856448598 14.995898181818 -11.103022317398
46.498844018692 14.995898181818 -11.77424278659
46.998831588785 14.995898181818 -12.168631683502
47.498819158878 14.995898181818 -12.653855668293
47.998806728972 14.995898181818 -12.384821217269
48.498794299065 14.995898181818 -11.82126788305
48.998781869159 14.995898181818 -11.180227155739
49.498769439252 14.995898181818 -10.665051428365
49.998757009346 14.995898181818 -11.276614399289
50.498744579439 14.995898181818 -12.198014959776
50.998732149533 14.995898181818 -13.232884723317
51.498719719626 14.995898181818 -13.591841428974
51.99870728972 14.995898181818 -14.040389843539
52.498694859813 14.995898181818 -14.658511801576
52.998682429907 14.995898181818 -15.832992025067
53.49867 14.995898181818 -16.276282637009
0 15.495761454545 -36.684922318753
0.49998757009346 15.495761454545 -36.542470645976
0.99997514018692 15.495761454545 -36.234109237896
1.4999627102804 15.495761454545 -35.975450121286
1.9999502803738 15.495761454545 -34.772179892188
2.4999378504673 15.495761454545 -34.086301422821
2.9999254205607 15.495761454545 -33.62020838236
3.4999129906542 15.495761454545 -32.880714720638
3.9999005607477 15.495761454545 -32.194158458758
4.4998881308411 15.495761454545 -31.294103742895
4.9998757009346 15.495761454545 -30.481608129203
5.499863271028 15.495761454545 -29.512736693612
5.9998508411215 15.495761454545 -28.534180236577
6.499838411215 15.495761454545 -27.784584141789
6.9998259813084 15.495761454545 -26.926998678896
7.4998135514019 15.495761454545 -26.038441465484
7.9998011214953 15.495761454545 -25.293994876688
8.4997886915888 15.495761454545 -24.431369160512
8.9997762616822 15.495761454545 -23.71270931211
9.4997638317757 15.495761454545 -22.660425969005
9.9997514018692 15.495761454545 -21.820254128608
10.499738971963 15.495761454545 -21.051019326305
10.999726542056 15.495761454545 -20.070912766025
11.49971411215 15.495761454545 -19.234876287891
11.999701682243 15.495761454545 -18.364441213801
12.499689252336 15.495761454545 -17.777451556912
12.99967682243 15.495761454545 -17.035104510318
13.499664392523 15.495761454545 -16.287514215008
13.999651962617 15.495761454545 -15.53352074902
14.49963953271 15.495761454545 -15.213403321591
14.999627102804 15.495761454545 -15.48828918102
15.499614672897 15.495761454545 -15.232137959285
15.999602242991 15.495761454545 -14.87623655678
16.499589813084 15.495761454545 -14.847762317255
16.999577383178 15.495761454545 -14.146883451535
17.499564953271 15.495761454545 -13.72389685005
17.999552523364 15.495761454545 -14.340556501568
18.499540093458 15.495761454545 -14.021571318535
18.999527663551 15.495761454545 -13.484161478275
19.499515233645 15.495761454545 -13.656891437457
19.999502803738 15.495761454545 -13.848810674305
20.499490373832 15.495761454545 -13.552460399495
20.999477943925 15.495761454545 -13.051735959113
21.499465514019 15.495761454545 -13.799011128921
21.999453084112 15.495761454545 -12.888606956028
22.499440654206 15.495761454545 -12.294740406828
22.999428224299 15.495761454545 -12.526423287113
23.499415794393 15.495761454545 -12.365452608611
23.999403364486 15.495761454545 -11.959694554859
24.499390934579 15.495761454545 -12.179472414177
24.999378504673 15.495761454545 -11.8447139025
25.499366074766 15.495761454545 -11.236668815895
25.99935364486 15.495761454545 -11.491612891404
26.499341214953 15.495761454545 -11.598462331808
26.999328785047 15.495761454545 -11.461321668034
27.49931635514 15.495761454545 -11.263243674206
27.999303925234 15.495761454545 -11.313293070772
28.499291495327 15.495761454545 -11.385419046244
28.999279065421 15.495761454545 -11.330687529228
29.499266635514 15.495761454545 -10.876639545625
29.999254205607 15.495761454545 -10.908966784446
30.499241775701 15.495761454545 -10.714903971092
30.999229345794 15.495761454545 -10.148573538334
31.499216915888 15.495761454545 -10.392151410734
31.999204485981 15.495761454545 -10.264447291136
32.499192056075 15.495761454545 -10.362511793663
32.999179626168 15.495761454545 -10.783934557911
33.499167196262 15.495761454545 -11.319766540886
33.999154766355 15.495761454545 -11.055745799684
34.499142336449 15.495761454545 -9.7612850716022
34.999129906542 15.495761454545 -10.989151733419
35.499117476636 15.495761454545 -10.815438181687
35.999105046729 15.495761454545 -10.332147818614
36.499092616822 15.495761454545 -9.4941926748633
36.999080186916 15.495761454545 -10.087241522773
37.499067757009 15.495761454545 -9.5514936971778
37.999055327103 15.495761454545 -8.861299126682
38.499042897196 15.495761454545 -9.0673208093764
38.99903046729 15.495761454545 -9.1379644470454
39.499018037383 15.495761454545 -8.7790272272982
39.999005607477 15.495761454545 -9.0502316177914
40.49899317757 15.495761454545 -9.1234842312104
40.998980747664 15.495761454545 -9.7884214360313
41.498968317757 15.495761454545 -10.029976073755
41.99895588785 15.495761454545 -10.378485179913
42.498943457944 15.495761454545 -10.660763153985
42.998931028037 15.495761454545 -10.323949906133
43.498918598131 15.495761454545 -10.537193802589
43.998906168224 15.495761454545 -10.531616731075
44.498893738318 15.495761454545 -10.631706108487
44.998881308411 15.495761454545 -10.975280387788
45.498868878505 15.495761454545 -10.847279822875
45.998856448598 15.495761454545 -10.446783965807
46.498844018692 15.495761454545 -10.748511852573
46.998831588785 15.495761454545 -11.195674310961
47.498819158878 15.495761454545 -11.338780630925
47.998806728972 15.495761454545 -11.861946612936
48.498794299065 15.495761454545 -12.218967388342
48.998781869159 15.495761454545 -12.35608646181
49.498769439252 15.495761454545 -12.886343267528
49.998757009346 15.495761454545 -13.545677638839
50.498744579439 15.495761454545 -13.786505485718
50.998732149533 15.495761454545 -14.057173723012
51.498719719626 15.495761454545 -14.144982877057
51.99870728972 15.495761454545 -14.634986815399
52.498694859813 15.495761454545 -15.177067558838
52.998682429907 15.495761454545 -15.600396595601
53.49867 15.495761454545 -15.584241570303
0 15.995624727273 -37.819113666224
0.49998757009346 15.995624727273 -36.292802124402
0.99997514018692 15.995624727273 -35.090179910193
1.4999627102804 15.995624727273 -34.825902725236
1.9999502803738 15.995624727273 -34.030578232007
2.4999378504673 15.995624727273 -33.847799824782
2.9999254205607 15.995624727273 -34.418267054007
3.4999129906542 15.995624727273 -34.293682517667
3.9999005607477 15.995624727273 -34.151358146293
4.4998881308411 15.995624727273 -33.247048365802
4.9998757009346 15.995624727273 -32.322795465064
5.499863271028 15.995624727273 -31.448011825238
5.9998508411215 15.995624727273 -30.083163127058
6.499838411215 15.995624727273 -29.264158933629
6.9998259813084 15.995624727273 -28.24429983928
7.4998135514019 15.995624727273 -27.363545364194
7.9998011214953 15.995624727273 -26.981436472154
8.4997886915888 15.995624727273 -25.790759764213
8.9997762616822 15.995624727273 -24.342231485981
9.4997638317757 15.995624727273 -22.839536122392
9.9997514018692 15.995624727273 -21.422516831291
10.499738971963 15.995624727273 -20.416991679843
10.999726542056 15.995624727273 -19.307152255704
11.49971411215 15.995624727273 -18.581149229129
11.999701682243 15.995624727273 -18.849127970256
12.499689252336 15.995624727273 -19.47053638539
12.99967682243 15.995624727273 -19.90228717428
13.499664392523 15.995624727273 -19.935695848379
13.999651962617 15.995624727273 -20.504846134215
14.49963953271 15.995624727273 -20.950601167066
14.999627102804 15.995624727273 -21.161091957012
15.499614672897 15.995624727273 -20.032456650668
15.999602242991 15.995624727273 -18.631321828507
16.499589813084 15.995624727273 -17.513325687369
16.999577383178 15.995624727273 -13.942802874197
17.499564953271 15.995624727273 -13.150761591326
17.999552523364 15.995624727273 -14.691682682074
18.499540093458 15.995624727273 -14.994208722371
18.999527663551 15.995624727273 -15.801757813298
19.499515233645 15.995624727273 -16.273014041117
19.999502803738 15.995624727273 -16.339964790784
20.499490373832 15.995624727273 -15.902024768238
20.999477943925 15.995624727273 -14.541593512538
21.499465514019 15.995624727273 -15.484099519088
21.999453084112 15.995624727273 -14.874702854335
22.499440654206 15.995624727273 -12.171400289327
22.999428224299 15.995624727273 -11.419089984903
23.499415794393 15.995624727273 -11.273487944099
23.999403364486 15.995624727273 -11.620240852283
24.499390934579 15.995624727273 -11.887039803461
24.999378504673 15.995624727273 -11.97195526228
25.499366074766 15.995624727273 -11.171251822438
25.99935364486 15.995624727273 -11.878661254722
26.499341214953 15.995624727273 -12.049325747352
26.999328785047 15.995624727273 -13.04740469002
27.49931635514 15.995624727273 -15.273328405854
27.999303925234 15.995624727273 -16.233484992931
28.499291495327 15.995624727273 -16.416547458914
28.999279065421 15.995624727273 -16.631262991961
29.499266635514 15.995624727273 -16.731075284688
29.999254205607 15.995624727273 -16.976250908805
30.499241775701 15.995624727273 -16.690522787999
30.999229345794 15.995624727273 -15.606272267541
31.499216915888 15.995624727273 -14.784668851845
31.999204485981 15.995624727273 -13.63751193836
32.499192056075 15.995624727273 -13.171732454576
32.999179626168 15.995624727273 -12.85669266244
33.499167196262 15.995624727273 -12.248525179135
33.999154766355 15.995624727273 -12.190218636824
34.499142336449 15.995624727273 -12.185616909622
34.999129906542 15.995624727273 -12.307320935612
35.499117476636 15.995624727273 -13.061264020194
35.999105046729 15.995624727273 -13.663168534339
36.499092616822 15.995624727273 -13.579919301942
36.999080186916 15.995624727273 -13.220802484877
37.499067757009 15.995624727273 -12.55745899502
37.999055327103 15.995624727273 -11.965633049635
38.499042897196 15.995624727273 -11.479451089389
38.99903046729 15.995624727273 -10.297652593075
39.499018037383 15.995624727273 -9.7346961691156
39.999005607477 15.995624727273 -9.8246692252947
40.49899317757 15.995624727273 -10.48420138435
40.998980747664 15.995624727273 -12.373315390863
41.498968317757 15.995624727273 -13.17141217164
41.99895588785 15.995624727273 -13.50044512485
42.498943457944 15.995624727273 -14.052829237011
42.998931028037 15.995624727273 -13.290284395365
43.498918598131 15.995624727273 -12.777312191758
43.998906168224 15.995624727273 -13.538536532807
44.498893738318 15.995624727273 -13.115906236859
44.998881308411 15.995624727273 -12.835702769673
45.498868878505 15.995624727273 -13.288295796434
45.998856448598 15.995624727273 -13.4901255503
46.498844018692 15.995624727273 -13.465870452574
46.998831588785 15.995624727273 -13.62641771178
47.498819158878 15.995624727273 -13.697829524078
47.998806728972 15.995624727273 -13.691188321032
48.498794299065 15.995624727273 -14.054270490774
48.998781869159 15.995624727273 -14.156522390082
49.498769439252 15.995624727273 -14.214982315031
49.998757009346 15.995624727273 -14.633488726052
50.498744579439 15.995624727273 -15.104529980849
50.998732149533 15.995624727273 -14.903409308567
51.498719719626 15.995624727273 -14.754945883702
51.99870728972 15.995624727273 -14.999903403089
52.498694859813 15.995624727273 -14.828932945836
52.998682429907 15.995624727273 -15.20740972687
53.49867 15.995624727273 -15.861755379381
0 16.495488 -40.305181209322
0.49998757009346 16.495488 -40.381342617852
0.99997514018692 16.495488 -38.528949955264
1.4999627102804 16.495488 -39.23839866295
1.9999502803738 16.495488 -39.011053518569
2.4999378504673 16.495488 -38.238681514042
2.9999254205607 16.495488 -36.986441155994
3.4999129906542 16.495488 -38.478504018458
3.9999005607477 16.495488 -38.255929316391
4.4998881308411 16.495488 -34.62780713677
4.9998757009346 16.495488 -36.307242928949
5.499863271028 16.495488 -36.077420656826
5.9998508411215 16.495488 -35.102700095316
6.499838411215 16.495488 -34.204472333109
6.9998259813084 16.495488 -32.805990314606
7.4998135514019 16.495488 -32.048363171364
7.9998011214953 16.495488 -30.980872976683
8.4997886915888 16.495488 -29.607829350028
8.9997762616822 16.495488 -28.226053074987
9.4997638317757 16.495488 -27.569241450995
9.9997514018692 16.495488 -26.73920306385
10.499738971963 16.495488 -26.148604388273
10.999726542056 16.495488 -25.665785317812
11.49971411215 16.495488 -24.999757324159
11.999701682243 16.495488 -24.636937294082
12.499689252336 16.495488 -24.040699047652
12.99967682243 16.495488 -22.916986965091
13.499664392523 16.495488 -22.279029908341
13.999651962617 16.495488 -21.712052407844
14.49963953271 16.495488 -21.401807394288
14.999627102804 16.495488 -20.576825313843
15.499614672897 16.495488 -19.726300078324
15.999602242991 16.495488 -19.696112435926
16.499589813084 16.495488 -19.353267117512
16.999577383178 16.495488 -18.780028033777
17.499564953271 16.495488 -18.41919839255
17.999552523364 16.495488 -17.648025001576
18.499540093458 16.495488 -17.426815928106
18.999527663551 16.495488 -17.280529767779
19.499515233645 16.495488 -16.976904197292
19.999502803738 16.495488 -17.02106663504
20.499490373832 16.495488 -16.805507293408
20.999477943925 16.495488 -16.598125189899
21.499465514019 16.495488 -16.671672303528
21.999453084112 16.495488 -16.562048922597
22.499440654206 16.495488 -16.609959727873
22.999428224299 16.495488 -16.257457935354
23.499415794393 16.495488 -15.937281850238
23.999403364486 16.495488 -15.626140196613
24.499390934579 16.495488 -15.447470455777
24.999378504673 16.495488 -15.326868694285
25.499366074766 16.495488 -14.761564856019
25.99935364486 16.495488 -14.376056940031
26.499341214953 16.495488 -14.458808096425
26.999328785047 16.495488 -14.277671435975
27.49931635514 16.495488 -14.083714927503
27.999303925234 16.495488 -13.978385484925
28.499291495327 16.495488 -13.743535402256
28.999279065421 16.495488 -13.493282372081
29.499266635514 16.495488 -12.775170451692
29.999254205607 16.495488 -12.720640590745
30.499241775701 16.495488 -11.982182874834
30.999229345794 16.495488 -12.176880316499
31.499216915888 16.495488 -12.146480177814
31.999204485981 16.495488 -11.392758394792
32.499192056075 16.495488 -11.272785548341
32.999179626168 16.495488 -10.948114306474
33.499167196262 16.495488 -10.688497433987
33.999154766355 16.495488 -10.466571445679
34.499142336449 16.495488 -10.466424350637
34.999129906542 16.495488 -10.342155223458
35.499117476636 16.495488 -10.446837373085
35.999105046729 16.495488 -10.542604159663
36.499092616822 16.495488 -10.355874936164
36.999080186916 16.495488 -10.691838102863
37.499067757009 16.495488 -10.989587761768
37.999055327103 16.495488 -11.233714764523
38.499042897196 16.495488 -11.002610450938
38.99903046729 16.495488 -11.392325461961
39.499018037383 16.495488 -11.516409180566
39.999005607477 16.495488 -11.928258709568
40.49899317757 16.495488 -11.994471406756
40.998980747664 16.495488 -12.170905155489
41.498968317757 16.495488 -12.245682234839
41.99895588785 16.495488 -12.497318652566
42.498943457944 16.495488 -12.58159608038
42.998931028037 16.495488 -12.722608184288
43.498918598131 16.495488 -12.742318404963
43.998906168224 16.495488 -12.725535890371
44.498893738318 16.495488 -12.440575174506
44.998881308411 16.495488 -12.342276000263
45.498868878505 16.495488 -12.166606877501
45.998856448598 16.495488 -12.327933299975
46.498844018692 16.495488 -12.860720682048
46.998831588785 16.495488 -13.021705316309
47.498819158878 16.495488 -13.230739723366
47.998806728972 16.495488 -13.974180923181
48.498794299065 16.495488 -14.368575170397
48.998781869159 16.495488 -15.059613673449
49.498769439252 16.495488 -15.453807444265
49.998757009346 16.495488 -16.105492917057
50.498744579439 16.495488 -16.24236626037
50.998732149533 16.495488 -16.738230493749
51.498719719626 16.495488 -17.170666517999
51.99870728972 16.495488 -17.568357298476
52.498694859813 16.495488 -17.986277196995
52.998682429907 16.495488 -18.508606095137
53.49867 16.495488 -17.723669404962
0 16.995351272727 -46.104389311393
0.49998757009346 16.995351272727 -48.616703530664
0.99997514018692 16.995351272727 -49.653407459717
1.4999627102804 16.995351272727 -49.455444351323
1.9999502803738 16.995351272727 -48.557220120975
2.4999378504673 16.995351272727 -47.351722978729
2.9999254205607 16.995351272727 -45.637375137287
3.4999129906542 16.995351272727 -43.470941402203
3.9999005607477 16.995351272727 -41.644557792463
4.4998881308411 16.995351272727 -38.722964717437
4.9998757009346 16.995351272727 -37.271159081436
5.499863271028 16.995351272727 -35.49357270823
5.9998508411215 16.995351272727 -33.543730164894
6.499838411215 16.995351272727 -32.399453059507
6.9998259813084 16.995351272727 -31.094860191699
7.4998135514019 16.995351272727 -29.248847414621
7.9998011214953 16.995351272727 -28.798533863716
8.4997886915888 16.995351272727 -28.455734804887
8.9997762616822 16.995351272727 -28.796908569071
9.4997638317757 16.995351272727 -28.488144358149
9.9997514018692 16.995351272727 -27.685934020038
10.499738971963 16.995351272727 -27.513634238091
10.999726542056 16.995351272727 -27.846889999569
11.49971411215 16.995351272727 -28.960373923863
11.999701682243 16.995351272727 -28.753189337115
12.499689252336 16.995351272727 -27.232298687269
12.99967682243 16.995351272727 -26.694536903343
13.499664392523 16.995351272727 -26.817700959579
13.999651962617 16.995351272727 -25.468641731453
14.49963953271 16.995351272727 -23.124790127918
14.999627102804 16.995351272727 -20.110311654215
15.499614672897 16.995351272727 -19.200121919502
15.999602242991 16.995351272727 -19.315478785944
16.499589813084 16.995351272727 -18.931430246159
16.999577383178 16.995351272727 -17.377160174693
17.499564953271 16.995351272727 -17.255178989434
17.999552523364 16.995351272727 -19.660883869497
18.499540093458 16.995351272727 -23.17606289684
18.999527663551 16.995351272727 -23.922810851111
19.499515233645 16.995351272727 -23.099248238779
19.999502803738 16.995351272727 -23.441723144252
20.499490373832 16.995351272727 -23.423190497441
20.999477943925 16.995351272727 -23.062709288147
21.499465514019 16.995351272727 -23.432693490319
21.999453084112 16.995351272727 -23.69499439739
22.499440654206 16.995351272727 -24.234622694897
22.999428224299 16.995351272727 -24.682085271979
23.499415794393 16.995351272727 -25.667704145565
23.999403364486 16.995351272727 -26.399833236096
24.499390934579 16.995351272727 -26.120658673292
24.999378504673 16.995351272727 -24.840581446605
25.499366074766 16.995351272727 -22.832343011282
25.99935364486 16.995351272727 -21.637679187558
26.499341214953 16.995351272727 -21.359054255152
26.999328785047 16.995351272727 -20.529031162608
27.49931635514 16.995351272727 -17.702493705409
27.999303925234 16.995351272727 -14.188345187913
28.499291495327 16.995351272727 -12.274412154127
28.999279065421 16.995351272727 -12.801974286348
29.499266635514 16.995351272727 -14.878881503885
29.999254205607 16.995351272727 -16.901017937064
30.499241775701 16.995351272727 -17.207613236434
30.999229345794 16.995351272727 -17.662975763561
31.499216915888 16.995351272727 -19.696015606387
31.999204485981 16.995351272727 -21.021647899828
32.499192056075 16.995351272727 -19.368022474632
32.999179626168 16.995351272727 -16.719023663697
33.499167196262 16.995351272727 -13.672887757978
33.999154766355 16.995351272727 -12.759419656613
34.499142336449 16.995351272727 -12.453923830786
34.999129906542 16.995351272727 -12.584815039666
35.499117476636 16.995351272727 -13.506483448321
35.999105046729 16.995351272727 -14.34620731021
36.499092616822 16.995351272727 -15.327443974958
36.999080186916 16.995351272727 -15.557253012867
37.499067757009 16.995351272727 -15.082175670414
37.999055327103 16.995351272727 -14.507173950722
38.499042897196 16.995351272727 -14.192013767588
38.99903046729 16.995351272727 -14.457589682028
39.499018037383 16.995351272727 -14.129496370185
39.999005607477 16.995351272727 -13.380563724607
40.49899317757 16.995351272727 -14.33597325014
40.998980747664 16.995351272727 -15.18841747128
41.498968317757 16.995351272727 -15.546997976128
41.99895588785 16.995351272727 -15.392755732724
42.498943457944 16.995351272727 -16.533665347117
42.998931028037 16.995351272727 -16.486613067132
43.498918598131 16.995351272727 -16.77439593507
43.998906168224 16.995351272727 -16.809008005362
44.498893738318 16.995351272727 -16.281495428803
44.998881308411 16.995351272727 -16.109452342521
45.498868878505 16.995351272727 -14.374343879275
45.998856448598 16.995351272727 -13.477922447697
46.498844018692 16.995351272727 -13.431102796162
46.998831588785 16.995351272727 -14.218787316048
47.498819158878 16.995351272727 -14.046001135207
47.998806728972 16.995351272727 -12.59695434889
48.498794299065 16.995351272727 -11.765383463968
48.998781869159 16.995351272727 -10.368128426358
49.498769439252 16.995351272727 -10.158203239669
49.998757009346 16.995351272727 -10.968736439012
50.498744579439 16.995351272727 -11.853463090323
50.998732149533 16.995351272727 -13.015159555962
51.498719719626 16.995351272727 -15.426142884474
51.99870728972 16.995351272727 -17.971715453722
52.498694859813 16.995351272727 -20.468732952555
52.998682429907 16.995351272727 -22.756256518965
53.49867 16.995351272727 -23.65843798493
0 17.495214545455 -46.596660878469
0.49998757009346 17.495214545455 -45.819575513165
0.99997514018692 17.495214545455 -45.698424348916
1.4999627102804 17.495214545455 -45.660358266302
1.9999502803738 17.495214545455 -46.311834890715
2.4999378504673 17.495214545455 -46.551197160683
2.9999254205607 17.495214545455 -46.690586223735
3.4999129906542 17.495214545455 -46.038588029624
3.9999005607477 17.495214545455 -46.054923717402
4.4998881308411 17.495214545455 -42.868799667201
4.9998757009346 17.495214545455 -40.409289923819
5.499863271028 17.495214545455 -38.046657568493
5.9998508411215 17.495214545455 -35.06463567813
6.499838411215 17.495214545455 -31.767137535545
6.9998259813084 17.495214545455 -29.614148874181
7.4998135514019 17.495214545455 -29.808255127464
7.9998011214953 17.495214545455 -31.689727464615
8.4997886915888 17.495214545455 -33.037751511009
8.9997762616822 17.495214545455 -36.28057337849
9.4997638317757 17.495214545455 -37.950496644852
9.9997514018692 17.495214545455 -38.175474570984
10.499738971963 17.495214545455 -36.53419315657
10.999726542056 17.495214545455 -37.505891850548
11.49971411215 17.495214545455 -37.766586412436
11.999701682243 17.495214545455 -39.044644638889
12.499689252336 17.495214545455 -35.7534875686
12.99967682243 17.495214545455 -33.860885310376
13.499664392523 17.495214545455 -33.907453860614
13.999651962617 17.495214545455 -32.324081705869
14.49963953271 17.495214545455 -29.155390739297
14.999627102804 17.495214545455 -25.958909867849
15.499614672897 17.495214545455 -24.978061907993
15.999602242991 17.495214545455 -24.451194408353
16.499589813084 17.495214545455 -24.735633883842
16.999577383178 17.495214545455 -24.746923141906
17.499564953271 17.495214545455 -22.344296018548
17.999552523364 17.495214545455 -22.276779823077
18.499540093458 17.495214545455 -21.939063072336
18.999527663551 17.495214545455 -20.564903322524
19.499515233645 17.495214545455 -20.426829801518
19.999502803738 17.495214545455 -20.668036888277
20.499490373832 17.495214545455 -20.277547925059
20.999477943925 17.495214545455 -20.285929482932
21.499465514019 17.495214545455 -19.879477324748
21.999453084112 17.495214545455 -20.361630490915
22.499440654206 17.495214545455 -22.262021015713
22.999428224299 17.495214545455 -20.456476140834
23.499415794393 17.495214545455 -19.809546660261
23.999403364486 17.495214545455 -21.100644879667
24.499390934579 17.495214545455 -21.564701077331
24.999378504673 17.495214545455 -23.526458658364
25.499366074766 17.495214545455 -24.389388154439
25.99935364486 17.495214545455 -24.503831450825
26.499341214953 17.495214545455 -27.928622417048
26.999328785047 17.495214545455 -33.396668261061
27.49931635514 17.495214545455 -31.493705532459
27.999303925234 17.495214545455 -27.888093102081
28.499291495327 17.495214545455 -24.313600488432
28.999279065421 17.495214545455 -18.959192680102
29.499266635514 17.495214545455 -18.473613139199
29.999254205607 17.495214545455 -18.907401490244
30.499241775701 17.495214545455 -19.127694938859
30.999229345794 17.495214545455 -15.34665488149
31.499216915888 17.495214545455 -11.376682000159
31.999204485981 17.495214545455 -11.122905082049
32.499192056075 17.495214545455 -11.695279705479
32.999179626168 17.495214545455 -10.400573469769
33.499167196262 17.495214545455 -11.577666295459
33.999154766355 17.495214545455 -5.6342104364844
34.499142336449 17.495214545455 -4.7269611712764
34.999129906542 17.495214545455 -8.3537481029018
35.499117476636 17.495214545455 -11.017322723507
35.999105046729 17.495214545455 -12.224869462914
36.499092616822 17.495214545455 -12.945942908955
36.999080186916 17.495214545455 -13.401257864327
37.499067757009 17.495214545455 -12.892689253263
37.999055327103 17.495214545455 -13.818996977241
38.499042897196 17.495214545455 -12.970171831221
38.99903046729 17.495214545455 -13.03548373435
39.499018037383 17.495214545455 -15.249260837321
39.999005607477 17.495214545455 -14.247200212413
40.49899317757 17.495214545455 -12.693122727727
40.998980747664 17.495214545455 -13.221678912887
41.498968317757 17.495214545455 -15.663539449607
41.99895588785 17.495214545455 -16.417209951913
42.498943457944 17.495214545455 -16.260313170478
42.998931028037 17.495214545455 -12.963755833207
43.498918598131 17.495214545455 -12.494742981621
43.998906168224 17.495214545455 -12.709749303093
44.498893738318 17.495214545455 -11.917443027078
44.998881308411 17.495214545455 -10.774482990051
45.498868878505 17.495214545455 -10.92047866879
45.998856448598 17.495214545455 -12.479405553731
46.498844018692 17.495214545455 -12.815141203313
46.998831588785 17.495214545455 -14.180677861747
47.498819158878 17.495214545455 -15.54097788621
47.998806728972 17.495214545455 -17.485571282006
48.498794299065 17.495214545455 -19.880479214422
48.998781869159 17.495214545455 -21.919689553394
49.498769439252 17.495214545455 -22.760285724754
49.998757009346 17.495214545455 -22.731634583233
50.498744579439 17.495214545455 -23.344449309505
50.998732149533 17.495214545455 -24.339876530202
51.498719719626 17.495214545455 -25.525466023302
51.99870728972 17.495214545455 -25.711662829498
52.498694859813 17.495214545455 -26.247046043916
52.998682429907 17.495214545455 -26.608537210158
53.49867 17.495214545455 -26.236383303508
0 17.995077818182 -48.013450759792
0.49998757009346 17.995077818182 -48.249022307548
0.99997514018692 17.995077818182 -47.949819532346
1.4999627102804 17.995077818182 -46.795370138815
1.9999502803738 17.995077818182 -46.206068780275
2.4999378504673 17.995077818182 -45.951849670739
2.9999254205607 17.995077818182 -46.503612345947
3.4999129906542 17.995077818182 -46.598160692349
3.9999005607477 17.995077818182 -46.709990074236
4.4998881308411 17.995077818182 -46.334351653033
4.9998757009346 17.995077818182 -46.799055907973
5.499863271028 17.995077818182 -46.520917327514
5.9998508411215 17.995077818182 -45.688519400482
6.499838411215 17.995077818182 -43.237494827155
6.9998259813084 17.995077818182 -42.002647935992
7.4998135514019 17.995077818182 -41.525522304147
7.9998011214953 17.995077818182 -40.978549650965
8.4997886915888 17.995077818182 -38.915614556644
8.9997762616822 17.995077818182 -36.537921102991
9.4997638317757 17.995077818182 -35.142310490078
9.9997514018692 17.995077818182 -35.230760623047
10.499738971963 17.995077818182 -35.050794843352
10.999726542056 17.995077818182 -34.402725107759
11.49971411215 17.995077818182 -33.612160867949
11.999701682243 17.995077818182 -33.948886752886
12.499689252336 17.995077818182 -34.192518749823
12.99967682243 17.995077818182 -33.950320873434
13.499664392523 17.995077818182 -33.904585624861
13.999651962617 17.995077818182 -32.339811336809
14.49963953271 17.995077818182 -30.786874937635
14.999627102804 17.995077818182 -29.520580322519
15.499614672897 17.995077818182 -28.31594377014
15.999602242991 17.995077818182 -27.206381803699
16.499589813084 17.995077818182 -27.769025806111
16.999577383178 17.995077818182 -29.218351088103
17.499564953271 17.995077818182 -28.719685218256
17.999552523364 17.995077818182 -28.316775673585
18.499540093458 17.995077818182 -28.177056383672
18.999527663551 17.995077818182 -27.852772820951
19.499515233645 17.995077818182 -27.702976824038
19.999502803738 17.995077818182 -27.787498481342
20.499490373832 17.995077818182 -26.652932047164
20.999477943925 17.995077818182 -25.510062711731
21.499465514019 17.995077818182 -24.78684651712
21.999453084112 17.995077818182 -24.129308046174
22.499440654206 17.995077818182 -23.715041891039
22.999428224299 17.995077818182 -23.067189139566
23.499415794393 17.995077818182 -22.768707754846
23.999403364486 17.995077818182 -22.368264192022
24.499390934579 17.995077818182 -22.031054730516
24.999378504673 17.995077818182 -22.229296780874
25.499366074766 17.995077818182 -21.766295124707
25.99935364486 17.995077818182 -21.532941063788
26.499341214953 17.995077818182 -21.977419087024
26.999328785047 17.995077818182 -22.823271558828
27.49931635514 17.995077818182 -21.73280330543
27.999303925234 17.995077818182 -20.25146754667
28.499291495327 17.995077818182 -19.039883575586
28.999279065421 17.995077818182 -17.47764945721
29.499266635514 17.995077818182 -16.938721016525
29.999254205607 17.995077818182 -16.709671843162
30.499241775701 17.995077818182 -17.018805562348
30.999229345794 17.995077818182 -16.877691545455
31.499216915888 17.995077818182 -15.638049298871
31.999204485981 17.995077818182 -15.888819910682
32.499192056075 17.995077818182 -16.834573359031
32.999179626168 17.995077818182 -16.448157078411
33.499167196262 17.995077818182 -16.489509761573
33.999154766355 17.995077818182 -13.992982437855
34.499142336449 17.995077818182 -13.318160287494
34.999129906542 17.995077818182 -14.963683982124
35.499117476636 17.995077818182 -15.815101566301
35.999105046729 17.995077818182 -15.554486314822
36.499092616822 17.995077818182 -14.598008089823
36.999080186916 17.995077818182 -14.004903227318
37.499067757009 17.995077818182 -12.985955902649
37.999055327103 17.995077818182 -11.99477826731
38.499042897196 17.995077818182 -10.798086838575
38.99903046729 17.995077818182 -10.106017098109
39.499018037383 17.995077818182 -11.213130514053
39.999005607477 17.995077818182 -12.357229950551
40.49899317757 17.995077818182 -12.708777569599
40.998980747664 17.995077818182 -14.217247712737
41.498968317757 17.995077818182 -15.835959518193
41.99895588785 17.995077818182 -16.794177899857
42.498943457944 17.995077818182 -17.358342304761
42.998931028037 17.995077818182 -15.852239624586
43.498918598131 17.995077818182 -15.788433209761
43.998906168224 17.995077818182 -15.054483691225
44.498893738318 17.995077818182 -14.878903031819
44.998881308411 17.995077818182 -13.987633616446
45.498868878505 17.995077818182 -13.380621157323
45.998856448598 17.995077818182 -13.319848539796
46.498844018692 17.995077818182 -13.115758480222
46.998831588785 17.995077818182 -13.221776397762
47.498819158878 17.995077818182 -13.201948794954
47.998806728972 17.995077818182 -13.497568494934
48.498794299065 17.995077818182 -15.197753171642
48.998781869159 17.995077818182 -18.058600130015
49.498769439252 17.995077818182 -19.591023866508
49.998757009346 17.995077818182 -20.74223259144
50.498744579439 17.995077818182 -21.86120402785
50.998732149533 17.995077818182 -22.527026767659
51.498719719626 17.995077818182 -22.951299126779
51.99870728972 17.995077818182 -22.986763944551
52.498694859813 17.995077818182 -22.683917211233
52.998682429907 17.995077818182 -22.429535470296
53.49867 17.995077818182 -23.809334911041
0 18.494941090909 -51.780964718083
0.49998757009346 18.494941090909 -52.272973110942
0.99997514018692 18.494941090909 -51.484753353709
1.4999627102804 18.494941090909 -51.398443219281
1.9999502803738 18.494941090909 -50.607724120708
2.4999378504673 18.494941090909 -50.266827216981
2.9999254205607 18.494941090909 -48.879415046511
3.4999129906542 18.494941090909 -48.630501532041
3.9999005607477 18.494941090909 -49.595162163812
4.4998881308411 18.494941090909 -50.182182235552
4.9998757009346 18.494941090909 -51.596644641473
5.499863271028 18.494941090909 -52.256271749601
5.9998508411215 18.494941090909 -52.240721199903
6.499838411215 18.494941090909 -51.275598833354
6.9998259813084 18.494941090909 -50.551142950688
7.4998135514019 18.494941090909 -49.181924346435
7.9998011214953 18.494941090909 -46.685504082683
8.4997886915888 18.494941090909 -43.537120807369
8.9997762616822 18.494941090909 -39.870181997537
9.4997638317757 18.494941090909 -38.181298126287
9.9997514018692 18.494941090909 -37.392944436198
10.499738971963 18.494941090909 -37.26526777315
10.999726542056 18.494941090909 -37.153772615492
11.49971411215 18.494941090909 -36.112924911852
11.999701682243 18.494941090909 -35.353483165613
12.499689252336 18.494941090909 -35.892421852935
12.99967682243 18.494941090909 -36.052787210555
13.499664392523 18.494941090909 -34.386435837509
13.999651962617 18.494941090909 -32.582455873705
14.49963953271 18.494941090909 -31.768548721355
14.999627102804 18.494941090909 -31.072027517226
15.499614672897 18.494941090909 -30.617143304051
15.999602242991 18.494941090909 -29.563326256531
16.499589813084 18.494941090909 -29.259505068789
16.999577383178 18.494941090909 -30.082994348929
17.499564953271 18.494941090909 -29.973231360701
17.999552523364 18.494941090909 -29.514127534073
18.499540093458 18.494941090909 -29.636364583368
18.999527663551 18.494941090909 -29.353804368939
19.499515233645 18.494941090909 -28.869333104291
19.999502803738 18.494941090909 -29.135923677637
20.499490373832 18.494941090909 -28.367683417192
20.999477943925 18.494941090909 -28.203879531235
21.499465514019 18.494941090909 -28.007702238109
21.999453084112 18.494941090909 -27.486803925197
22.499440654206 18.494941090909 -25.768963141414
22.999428224299 18.494941090909 -25.477542019504
23.499415794393 18.494941090909 -25.045436757768
23.999403364486 18.494941090909 -23.985427529712
24.499390934579 18.494941090909 -23.119400253511
24.999378504673 18.494941090909 -22.041999355371
25.499366074766 18.494941090909 -20.640206011461
25.99935364486 18.494941090909 -19.708301486513
26.499341214953 18.494941090909 -19.75510319277
26.999328785047 18.494941090909 -20.435376522241
27.49931635514 18.494941090909 -16.997849231721
27.999303925234 18.494941090909 -16.204605516819
28.499291495327 18.494941090909 -19.82647713193
28.999279065421 18.494941090909 -21.793659204073
29.499266635514 18.494941090909 -20.143013824226
29.999254205607 18.494941090909 -18.879783186296
30.499241775701 18.494941090909 -18.744855671981
30.999229345794 18.494941090909 -18.263615039295
31.499216915888 18.494941090909 -17.431940007993
31.999204485981 18.494941090909 -16.76406040179
32.499192056075 18.494941090909 -16.950249722584
32.999179626168 18.494941090909 -16.934246272444
33.499167196262 18.494941090909 -17.333611986594
33.999154766355 18.494941090909 -16.899830814434
34.499142336449 18.494941090909 -16.691738990396
34.999129906542 18.494941090909 -16.46070453889
35.499117476636 18.494941090909 -16.441138842295
35.999105046729 18.494941090909 -16.63341679522
36.499092616822 18.494941090909 -16.731886690874
36.999080186916 18.494941090909 -16.784266056387
37.499067757009 18.494941090909 -16.506268518337
37.999055327103 18.494941090909 -16.637065564067
38.499042897196 18.494941090909 -16.878323581518
38.99903046729 18.494941090909 -16.930987825661
39.499018037383 18.494941090909 -17.208608351762
39.999005607477 18.494941090909 -17.425724844594
40.49899317757 18.494941090909 -18.19847839768
40.998980747664 18.494941090909 -19.384242597786
41.498968317757 18.494941090909 -19.781060663369
41.99895588785 18.494941090909 -19.825369493707
42.498943457944 18.494941090909 -20.636856072343
42.998931028037 18.494941090909 -21.283607919365
43.498918598131 18.494941090909 -21.949343234023
43.998906168224 18.494941090909 -22.145996148574
44.498893738318 18.494941090909 -22.194957426625
44.998881308411 18.494941090909 -21.158441992536
45.498868878505 18.494941090909 -20.57952699874
45.998856448598 18.494941090909 -19.966250025322
46.498844018692 18.494941090909 -18.662816294258
46.998831588785 18.494941090909 -18.168278132936
47.498819158878 18.494941090909 -17.513725852222
47.998806728972 18.494941090909 -17.43012076644
48.498794299065 18.494941090909 -18.009569207179
48.998781869159 18.494941090909 -19.60394285558
49.498769439252 18.494941090909 -20.825971161073
49.998757009346 18.494941090909 -21.563060893662
50.498744579439 18.494941090909 -23.123467704858
50.998732149533 18.494941090909 -23.723521184235
51.498719719626 18.494941090909 -23.937759967712
51.99870728972 18.494941090909 -23.336979849139
52.498694859813 18.494941090909 -22.894912393086
52.998682429907 18.494941090909 -22.494506409578
53.49867 18.494941090909 -21.67227878353
0 18.994804363636 -54.43437477173
0.49998757009346 18.994804363636 -54.290346682673
0.99997514018692 18.994804363636 -53.433150880752
1.4999627102804 18.994804363636 -53.548126034418
1.9999502803738 18.994804363636 -52.917550570537
2.4999378504673 18.994804363636 -52.051092441902
2.9999254205607 18.994804363636 -50.408555858708
3.4999129906542 18.994804363636 -49.30333827297
3.9999005607477 18.994804363636 -49.718859940013
4.4998881308411 18.994804363636 -49.857412847565
4.9998757009346 18.994804363636 -50.367566611332
5.499863271028 18.994804363636 -50.963107891883
5.9998508411215 18.994804363636 -51.620784830299
6.499838411215 18.994804363636 -51.87842631461
6.9998259813084 18.994804363636 -52.229101783404
7.4998135514019 18.994804363636 -51.917838500137
7.9998011214953 18.994804363636 -50.143045142968
8.4997886915888 18.994804363636 -49.196687076922
8.9997762616822 18.994804363636 -47.213699793697
9.4997638317757 18.994804363636 -46.081620271802
9.9997514018692 18.994804363636 -45.173330436356
10.499738971963 18.994804363636 -44.34068764582
10.999726542056 18.994804363636 -43.835754581237
11.49971411215 18.994804363636 -42.80022821311
11.999701682243 18.994804363636 -41.268631816939
12.499689252336 18.994804363636 -40.431659345118
12.99967682243 18.994804363636 -40.178768036442
13.499664392523 18.994804363636 -38.534546528978
13.999651962617 18.994804363636 -37.265312050685
14.49963953271 18.994804363636 -36.601571861848
14.999627102804 18.994804363636 -35.906511100562
15.499614672897 18.994804363636 -35.23398519656
15.999602242991 18.994804363636 -34.42854686579
16.499589813084 18.994804363636 -33.508213770221
16.999577383178 18.994804363636 -33.34397806537
17.499564953271 18.994804363636 -33.132880873202
17.999552523364 18.994804363636 -32.528968127713
18.499540093458 18.994804363636 -32.115546410414
18.999527663551 18.994804363636 -31.716676417564
19.499515233645 18.994804363636 -31.281171988962
19.999502803738 18.994804363636 -31.425236783934
20.499490373832 18.994804363636 -30.883269008374
20.999477943925 18.994804363636 -30.578592755464
21.499465514019 18.994804363636 -29.958673460315
21.999453084112 18.994804363636 -29.742635918355
22.499440654206 18.994804363636 -28.755452893165
22.999428224299 18.994804363636 -28.564738257883
23.499415794393 18.994804363636 -28.079185569564
23.999403364486 18.994804363636 -27.640493883724
24.499390934579 18.994804363636 -27.34204964132
24.999378504673 18.994804363636 -26.57969632633
25.499366074766 18.994804363636 -25.586910472552
25.99935364486 18.994804363636 -24.986864597066
26.499341214953 18.994804363636 -25.198354500974
26.999328785047 18.994804363636 -25.379939225676
27.49931635514 18.994804363636 -22.602020531706
27.999303925234 18.994804363636 -21.463551336056
28.499291495327 18.994804363636 -24.227202506247
28.999279065421 18.994804363636 -25.294034383465
29.499266635514 18.994804363636 -24.19208877409
29.999254205607 18.994804363636 -22.758406723405
30.499241775701 18.994804363636 -22.273149808816
30.999229345794 18.994804363636 -22.033344873184
31.499216915888 18.994804363636 -21.759650923348
31.999204485981 18.994804363636 -21.376216693282
32.499192056075 18.994804363636 -20.900507619868
32.999179626168 18.994804363636 -20.746703642234
33.499167196262 18.994804363636 -20.808558208181
33.999154766355 18.994804363636 -21.042621651629
34.499142336449 18.994804363636 -20.85906776928
34.999129906542 18.994804363636 -20.187717277624
35.499117476636 18.994804363636 -19.674839097296
35.999105046729 18.994804363636 -19.436455300915
36.499092616822 18.994804363636 -19.76028324065
36.999080186916 18.994804363636 -19.780996348633
37.499067757009 18.994804363636 -19.626655656766
37.999055327103 18.994804363636 -20.04953290279
38.499042897196 18.994804363636 -19.984195708133
38.99903046729 18.994804363636 -19.857027827727
39.499018037383 18.994804363636 -19.842698890997
39.999005607477 18.994804363636 -19.572301409888
40.49899317757 18.994804363636 -19.138323451376
40.998980747664 18.994804363636 -19.826165480084
41.498968317757 18.994804363636 -19.716202179946
41.99895588785 18.994804363636 -19.29372794313
42.498943457944 18.994804363636 -20.485160962545
42.998931028037 18.994804363636 -21.324713405084
43.498918598131 18.994804363636 -22.244167069208
43.998906168224 18.994804363636 -22.829871090106
44.498893738318 18.994804363636 -23.529709933884
44.998881308411 18.994804363636 -23.064587512014
45.498868878505 18.994804363636 -22.844222552916
45.998856448598 18.994804363636 -23.195002395155
46.498844018692 18.994804363636 -22.969375849336
46.998831588785 18.994804363636 -23.438862488481
47.498819158878 18.994804363636 -23.349945926744
47.998806728972 18.994804363636 -23.503604794783
48.498794299065 18.994804363636 -23.375973324287
48.998781869159 18.994804363636 -23.950487926183
49.498769439252 18.994804363636 -24.680357343479
49.998757009346 18.994804363636 -24.825583002846
50.498744579439 18.994804363636 -25.447559305016
50.998732149533 18.994804363636 -25.500289367245
51.498719719626 18.994804363636 -25.515401494343
51.99870728972 18.994804363636 -25.01774833603
52.498694859813 18.994804363636 -24.804389648218
52.998682429907 18.994804363636 -24.67929772191
53.49867 18.994804363636 -24.014140091044
0 19.494667636364 -57.387397108329
0.49998757009346 19.494667636364 -56.24772967977
0.99997514018692 19.494667636364 -55.627867422173
1.4999627102804 19.494667636364 -55.203011394282
1.9999502803738 19.494667636364 -54.432298556884
2.4999378504673 19.494667636364 -53.317106882031
2.9999254205607 19.494667636364 -52.194913407414
3.4999129906542 19.494667636364 -50.77318851264
3.9999005607477 19.494667636364 -50.138860429678
4.4998881308411 19.494667636364 -50.01630806893
4.9998757009346 19.494667636364 -49.71923119645
5.499863271028 19.494667636364 -49.700602293886
5.9998508411215 19.494667636364 -50.055646690945
6.499838411215 19.494667636364 -50.328141916265
6.9998259813084 19.494667636364 -50.637099464711
7.4998135514019 19.494667636364 -50.812887701912
7.9998011214953 19.494667636364 -50.169846517648
8.4997886915888 19.494667636364 -50.287418952831
8.9997762616822 19.494667636364 -49.509136131452
9.4997638317757 19.494667636364 -49.001800608432
9.9997514018692 19.494667636364 -48.504872774748
10.499738971963 19.494667636364 -47.828527150471
10.999726542056 19.494667636364 -46.795851646548
11.49971411215 19.494667636364 -45.83193387914
11.999701682243 19.494667636364 -44.608369322067
12.499689252336 19.494667636364 -43.264683998527
12.99967682243 19.494667636364 -41.880001253957
13.499664392523 19.494667636364 -40.327874604822
13.999651962617 19.494667636364 -39.398062698587
14.49963953271 19.494667636364 -38.477730210792
14.999627102804 19.494667636364 -37.576269465168
15.499614672897 19.494667636364 -36.307603451953
15.999602242991 19.494667636364 -35.480088569284
16.499589813084 19.494667636364 -34.905191520356
16.999577383178 19.494667636364 -34.630485630828
17.499564953271 19.494667636364 -34.677178753576
17.999552523364 19.494667636364 -34.355155125273
18.499540093458 19.494667636364 -33.712820530258
18.999527663551 19.494667636364 -33.258536256444
19.499515233645 19.494667636364 -32.929164495554
19.999502803738 19.494667636364 -32.415743876345
20.499490373832 19.494667636364 -31.732645524606
20.999477943925 19.494667636364 -30.773129839267
21.499465514019 19.494667636364 -29.799729100342
21.999453084112 19.494667636364 -29.556229426056
22.499440654206 19.494667636364 -29.400257363162
22.999428224299 19.494667636364 -29.258164612922
23.499415794393 19.494667636364 -28.982631026231
23.999403364486 19.494667636364 -28.713259056514
24.499390934579 19.494667636364 -28.778739563694
24.999378504673 19.494667636364 -28.575847217688
25.499366074766 19.494667636364 -28.037005371566
25.99935364486 19.494667636364 -27.737285906097
26.499341214953 19.494667636364 -27.736259279796
26.999328785047 19.494667636364 -27.21931285091
27.49931635514 19.494667636364 -26.527780317276
27.999303925234 19.494667636364 -25.694331366514
28.499291495327 19.494667636364 -25.533557451152
28.999279065421 19.494667636364 -24.98802707664
29.499266635514 19.494667636364 -24.510391988034
29.999254205607 19.494667636364 -23.444886908191
30.499241775701 19.494667636364 -22.708925528458
30.999229345794 19.494667636364 -22.646456758791
31.499216915888 19.494667636364 -22.422697056747
31.999204485981 19.494667636364 -22.211698102234
32.499192056075 19.494667636364 -21.69048171855
32.999179626168 19.494667636364 -21.527472995634
33.499167196262 19.494667636364 -21.316761804286
33.999154766355 19.494667636364 -21.668544163368
34.499142336449 19.494667636364 -21.650422391519
34.999129906542 19.494667636364 -21.515591408564
35.499117476636 19.494667636364 -21.107110444732
35.999105046729 19.494667636364 -20.660584712829
36.499092616822 19.494667636364 -20.576581506009
36.999080186916 19.494667636364 -20.391445208874
37.499067757009 19.494667636364 -20.484436203015
37.999055327103 19.494667636364 -20.742874502062
38.499042897196 19.494667636364 -20.082057365007
38.99903046729 19.494667636364 -19.691293980266
39.499018037383 19.494667636364 -19.697992651734
39.999005607477 19.494667636364 -19.500493322411
40.49899317757 19.494667636364 -18.545420357119
40.998980747664 19.494667636364 -18.777435294782
41.498968317757 19.494667636364 -18.804522432043
41.99895588785 19.494667636364 -19.052168391514
42.498943457944 19.494667636364 -20.547215120732
42.998931028037 19.494667636364 -21.475749694501
43.498918598131 19.494667636364 -23.02849813139
43.998906168224 19.494667636364 -24.230741478132
44.498893738318 19.494667636364 -25.804540282849
44.998881308411 19.494667636364 -26.453033262077
45.498868878505 19.494667636364 -26.692761724102
45.998856448598 19.494667636364 -27.814247877736
46.498844018692 19.494667636364 -28.887491589121
46.998831588785 19.494667636364 -29.583240815299
47.498819158878 19.494667636364 -29.027568893809
47.998806728972 19.494667636364 -28.166692774742
48.498794299065 19.494667636364 -26.016054743294
48.998781869159 19.494667636364 -23.431235453946
49.498769439252 19.494667636364 -21.544329206494
49.998757009346 19.494667636364 -19.958446466772
50.498744579439 19.494667636364 -17.869245842638
50.998732149533 19.494667636364 -17.59708363041
51.498719719626 19.494667636364 -20.473804786046
51.99870728972 19.494667636364 -22.195604202903
52.498694859813 19.494667636364 -23.17853636783
52.998682429907 19.494667636364 -24.65263510936
53.49867 19.494667636364 -25.177367768757
0 19.994530909091 -60.154505782788
0.49998757009346 19.994530909091 -60.226062073104
0.99997514018692 19.994530909091 -59.608313082379
1.4999627102804 19.994530909091 -59.239706449088
1.9999502803738 19.994530909091 -58.474656288285
2.4999378504673 19.994530909091 -57.945333916878
2.9999254205607 19.994530909091 -56.997660759546
3.4999129906542 19.994530909091 -56.273560872156
3.9999005607477 19.994530909091 -56.118900781985
4.4998881308411 19.994530909091 -56.275597517363
4.9998757009346 19.994530909091 -56.226041475936
5.499863271028 19.994530909091 -55.951987340942
5.9998508411215 19.994530909091 -56.096383550983
6.499838411215 19.994530909091 -55.961698182866
6.9998259813084 19.994530909091 -55.247731833323
7.4998135514019 19.994530909091 -54.560865379522
7.9998011214953 19.994530909091 -53.629336988488
8.4997886915888 19.994530909091 -52.701608331694
8.9997762616822 19.994530909091 -51.500963718273
9.4997638317757 19.994530909091 -50.892014358426
9.9997514018692 19.994530909091 -50.152791077082
10.499738971963 19.994530909091 -49.013904373249
10.999726542056 19.994530909091 -47.813277349705
11.49971411215 19.994530909091 -46.434841713764
11.999701682243 19.994530909091 -46.01676985989
12.499689252336 19.994530909091 -45.079164663473
12.99967682243 19.994530909091 -43.167958964032
13.499664392523 19.994530909091 -41.402704594932
13.999651962617 19.994530909091 -40.320538516612
14.49963953271 19.994530909091 -39.271892858453
14.999627102804 19.994530909091 -37.870642271307
15.499614672897 19.994530909091 -36.583476908952
15.999602242991 19.994530909091 -35.493392387172
16.499589813084 19.994530909091 -35.32311591736
16.999577383178 19.994530909091 -35.149113686171
17.499564953271 19.994530909091 -35.398017511141
17.999552523364 19.994530909091 -35.337447701403
18.499540093458 19.994530909091 -35.534430530294
18.999527663551 19.994530909091 -34.817720035277
19.499515233645 19.994530909091 -34.260475664264
19.999502803738 19.994530909091 -33.432206171825
20.499490373832 19.994530909091 -32.905643295522
20.999477943925 19.994530909091 -32.00767599732
21.499465514019 19.994530909091 -31.247647984338
21.999453084112 19.994530909091 -30.642818184857
22.499440654206 19.994530909091 -30.206510765822
22.999428224299 19.994530909091 -29.344576809406
23.499415794393 19.994530909091 -28.793888044069
23.999403364486 19.994530909091 -28.038956365269
24.499390934579 19.994530909091 -27.670220319417
24.999378504673 19.994530909091 -27.343685598972
25.499366074766 19.994530909091 -27.128653851605
25.99935364486 19.994530909091 -27.212144462913
26.499341214953 19.994530909091 -27.642166000165
26.999328785047 19.994530909091 -27.436979717408
27.49931635514 19.994530909091 -27.22291712281
27.999303925234 19.994530909091 -26.706981384727
28.499291495327 19.994530909091 -25.461377777057
28.999279065421 19.994530909091 -24.586202444119
29.499266635514 19.994530909091 -23.615354217792
29.999254205607 19.994530909091 -22.459599267705
30.499241775701 19.994530909091 -21.755639812228
30.999229345794 19.994530909091 -20.934364096216
31.499216915888 19.994530909091 -20.246170819635
31.999204485981 19.994530909091 -19.59985548032
32.499192056075 19.994530909091 -19.143583262729
32.999179626168 19.994530909091 -18.965028683871
33.499167196262 19.994530909091 -19.011847836488
33.999154766355 19.994530909091 -18.91224392547
34.499142336449 19.994530909091 -18.734970443673
34.999129906542 19.994530909091 -18.529725324799
35.499117476636 19.994530909091 -18.842863123928
35.999105046729 19.994530909091 -19.203156252871
36.499092616822 19.994530909091 -19.025694683459
36.999080186916 19.994530909091 -18.79626648579
37.499067757009 19.994530909091 -19.621148224093
37.999055327103 19.994530909091 -20.235224880036
38.499042897196 19.994530909091 -20.247594221355
38.99903046729 19.994530909091 -20.26558366903
39.499018037383 19.994530909091 -20.17858506058
39.999005607477 19.994530909091 -19.80848090124
40.49899317757 19.994530909091 -19.532824819846
40.998980747664 19.994530909091 -19.560269752085
41.498968317757 19.994530909091 -19.94035916881
41.99895588785 19.994530909091 -21.033349971981
42.498943457944 19.994530909091 -22.387309363084
42.998931028037 19.994530909091 -23.563951873998
43.498918598131 19.994530909091 -24.507420857219
43.998906168224 19.994530909091 -25.854333255285
44.498893738318 19.994530909091 -26.998468834569
44.998881308411 19.994530909091 -27.655379137659
45.498868878505 19.994530909091 -27.546889631658
45.998856448598 19.994530909091 -28.023245480686
46.498844018692 19.994530909091 -28.547152683
46.998831588785 19.994530909091 -28.922846397909
47.498819158878 19.994530909091 -28.076521028233
47.998806728972 19.994530909091 -27.138190972737
48.498794299065 19.994530909091 -24.999694036117
48.998781869159 19.994530909091 -21.271886598101
49.498769439252 19.994530909091 -17.817763397874
49.998757009346 19.994530909091 -15.273955428798
50.498744579439 19.994530909091 -12.333587696975
50.998732149533 19.994530909091 -12.318280567767
51.498719719626 19.994530909091 -17.631153958199
51.99870728972 19.994530909091 -20.492038168218
52.498694859813 19.994530909091 -21.865916560249
52.998682429907 19.994530909091 -24.136752164957
53.49867 19.994530909091 -25.448220761463
0 20.494394181818 -61.685509690679
0.49998757009346 20.494394181818 -62.916001259687
0.99997514018692 20.494394181818 -62.295471377961
1.4999627102804 20.494394181818 -62.33426999123
1.9999502803738 20.494394181818 -61.797451861404
2.4999378504673 20.494394181818 -61.780834163207
2.9999254205607 20.494394181818 -61.62654925828
3.4999129906542 20.494394181818 -62.286783094857
3.9999005607477 20.494394181818 -63.872069438295
4.4998881308411 20.494394181818 -65.313864666072
4.9998757009346 20.494394181818 -66.42890344858
5.499863271028 20.494394181818 -66.582500413544
5.9998508411215 20.494394181818 -67.231633357948
6.499838411215 20.494394181818 -67.095723122357
6.9998259813084 20.494394181818 -65.775871251191
7.4998135514019 20.494394181818 -63.646785508926
7.9998011214953 20.494394181818 -60.708284148901
8.4997886915888 20.494394181818 -58.632240787621
8.9997762616822 20.494394181818 -55.906887252359
9.4997638317757 20.494394181818 -53.93010621403
9.9997514018692 20.494394181818 -52.826525535124
10.499738971963 20.494394181818 -50.827855721994
10.999726542056 20.494394181818 -49.561799205076
11.49971411215 20.494394181818 -47.982749588824
11.999701682243 20.494394181818 -47.952014961934
12.499689252336 20.494394181818 -47.520423612233
12.99967682243 20.494394181818 -46.849372855108
13.499664392523 20.494394181818 -46.245689401889
13.999651962617 20.494394181818 -45.471580475515
14.49963953271 20.494394181818 -44.720411784317
14.999627102804 20.494394181818 -43.21607747086
15.499614672897 20.494394181818 -42.192497086047
15.999602242991 20.494394181818 -41.156602883495
16.499589813084 20.494394181818 -40.69935322364
16.999577383178 20.494394181818 -40.151108159966
17.499564953271 20.494394181818 -40.205703615751
17.999552523364 20.494394181818 -39.420989546171
18.499540093458 20.494394181818 -39.89985846386
18.999527663551 20.494394181818 -38.738518109559
19.499515233645 20.494394181818 -37.675514624837
19.999502803738 20.494394181818 -37.187888839865
20.499490373832 20.494394181818 -36.950380444158
20.999477943925 20.494394181818 -36.051047977681
21.499465514019 20.494394181818 -35.351016660696
21.999453084112 20.494394181818 -34.479810837735
22.499440654206 20.494394181818 -33.983355322843
22.999428224299 20.494394181818 -32.784602902318
23.499415794393 20.494394181818 -32.031336531561
23.999403364486 20.494394181818 -31.651997653654
24.499390934579 20.494394181818 -31.353585153428
24.999378504673 20.494394181818 -31.140176318593
25.499366074766 20.494394181818 -31.338226803921
25.99935364486 20.494394181818 -31.539454873764
26.499341214953 20.494394181818 -32.067549238497
26.999328785047 20.494394181818 -31.540793411303
27.49931635514 20.494394181818 -30.708218976896
27.999303925234 20.494394181818 -29.520803852555
28.499291495327 20.494394181818 -27.633516667058
28.999279065421 20.494394181818 -26.212029617115
29.499266635514 20.494394181818 -25.518378759466
29.999254205607 20.494394181818 -24.341594857517
30.499241775701 20.494394181818 -23.809586003636
30.999229345794 20.494394181818 -23.197025694727
31.499216915888 20.494394181818 -23.252230772912
31.999204485981 20.494394181818 -23.378305267908
32.499192056075 20.494394181818 -23.102051888336
32.999179626168 20.494394181818 -22.763547513381
33.499167196262 20.494394181818 -22.562538121498
33.999154766355 20.494394181818 -22.168376468731
34.499142336449 20.494394181818 -21.529419553205
34.999129906542 20.494394181818 -20.282871619029
35.499117476636 20.494394181818 -19.872868881957
35.999105046729 20.494394181818 -19.677847793458
36.499092616822 20.494394181818 -18.84645394157
36.999080186916 20.494394181818 -18.116079828532
37.499067757009 20.494394181818 -18.886167749427
37.999055327103 20.494394181818 -19.26683476691
38.499042897196 20.494394181818 -19.551053505424
38.99903046729 20.494394181818 -19.688545369448
39.499018037383 20.494394181818 -19.637719590116
39.999005607477 20.494394181818 -19.989747240217
40.49899317757 20.494394181818 -20.412370676738
40.998980747664 20.494394181818 -20.433511954816
41.498968317757 20.494394181818 -20.389617907554
41.99895588785 20.494394181818 -21.091192271635
42.498943457944 20.494394181818 -21.776388861079
42.998931028037 20.494394181818 -22.126654193183
43.498918598131 20.494394181818 -20.922998989429
43.998906168224 20.494394181818 -21.029810515861
44.498893738318 20.494394181818 -21.007985068196
44.998881308411 20.494394181818 -20.864788726177
45.498868878505 20.494394181818 -19.902517890946
45.998856448598 20.494394181818 -19.830998068944
46.498844018692 20.494394181818 -19.716955295312
46.998831588785 20.494394181818 -20.420547599626
47.498819158878 20.494394181818 -20.818171871007
47.998806728972 20.494394181818 -21.416676446462
48.498794299065 20.494394181818 -22.772453135135
48.998781869159 20.494394181818 -23.260165157343
49.498769439252 20.494394181818 -23.064327792882
49.998757009346 20.494394181818 -23.188519353194
50.498744579439 20.494394181818 -23.691598108641
50.998732149533 20.494394181818 -23.924486831804
51.498719719626 20.494394181818 -25.384304412147
51.99870728972 20.494394181818 -25.670534680521
52.498694859813 20.494394181818 -25.375654806844
52.998682429907 20.494394181818 -25.551435451678
53.49867 20.494394181818 -25.389323813007
0 20.994257454545 -58.73474877901
0.49998757009346 20.994257454545 -59.046373986532
0.99997514018692 20.994257454545 -59.101758268402
1.4999627102804 20.994257454545 -59.047408697793
1.9999502803738 20.994257454545 -59.013882895311
2.4999378504673 20.994257454545 -58.845174746268
2.9999254205607 20.994257454545 -59.19828341404
3.4999129906542 20.994257454545 -60.892470783176
3.9999005607477 20.994257454545 -63.03672369234
4.4998881308411 20.994257454545 -66.842227526415
4.9998757009346 20.994257454545 -69.300435400881
5.499863271028 20.994257454545 -69.659971230222
5.9998508411215 20.994257454545 -68.214643388925
6.499838411215 20.994257454545 -66.325654440523
6.9998259813084 20.994257454545 -62.018564991247
7.4998135514019 20.994257454545 -54.976166387291
7.9998011214953 20.994257454545 -48.648214070925
8.4997886915888 20.994257454545 -45.85498778757
8.9997762616822 20.994257454545 -44.895694500582
9.4997638317757 20.994257454545 -45.56027062104
9.9997514018692 20.994257454545 -45.850615773855
10.499738971963 20.994257454545 -45.620138561895
10.999726542056 20.994257454545 -45.433726622137
11.49971411215 20.994257454545 -44.981718348537
11.999701682243 20.994257454545 -44.781184728671
12.499689252336 20.994257454545 -44.750980031997
12.99967682243 20.994257454545 -44.91677915221
13.499664392523 20.994257454545 -45.127207382243
13.999651962617 20.994257454545 -44.889391900268
14.49963953271 20.994257454545 -44.276705250728
14.999627102804 20.994257454545 -43.884623819286
15.499614672897 20.994257454545 -43.051352084575
15.999602242991 20.994257454545 -42.092216489441
16.499589813084 20.994257454545 -41.254289113822
16.999577383178 20.994257454545 -40.360844593594
17.499564953271 20.994257454545 -39.42785627532
17.999552523364 20.994257454545 -38.029711458189
18.499540093458 20.994257454545 -36.822879032279
18.999527663551 20.994257454545 -35.225268284738
19.499515233645 20.994257454545 -34.163027785576
19.999502803738 20.994257454545 -33.014467388143
20.499490373832 20.994257454545 -32.577937579623
20.999477943925 20.994257454545 -32.018028160861
21.499465514019 20.994257454545 -31.746879521556
21.999453084112 20.994257454545 -31.852318497465
22.499440654206 20.994257454545 -33.022672621196
22.999428224299 20.994257454545 -33.806923892365
23.499415794393 20.994257454545 -34.255230892396
23.999403364486 20.994257454545 -35.065304502186
24.499390934579 20.994257454545 -36.164619447007
24.999378504673 20.994257454545 -36.910163529077
25.499366074766 20.994257454545 -36.5220478789
25.99935364486 20.994257454545 -34.932809304419
26.499341214953 20.994257454545 -34.047867247824
26.999328785047 20.994257454545 -33.69275077455
27.49931635514 20.994257454545 -32.081075363085
27.999303925234 20.994257454545 -30.4834938879
28.499291495327 20.994257454545 -28.880903234747
28.999279065421 20.994257454545 -27.908616579483
29.499266635514 20.994257454545 -27.997493563533
29.999254205607 20.994257454545 -27.080160993282
30.499241775701 20.994257454545 -25.465153700327
30.999229345794 20.994257454545 -24.348186400092
31.499216915888 20.994257454545 -25.018248854279
31.999204485981 20.994257454545 -26.707432476138
32.499192056075 20.994257454545 -27.696522130727
32.999179626168 20.994257454545 -27.562931683279
33.499167196262 20.994257454545 -27.388262395684
33.999154766355 20.994257454545 -27.19446980279
34.499142336449 20.994257454545 -27.44235395196
34.999129906542 20.994257454545 -26.241930156917
35.499117476636 20.994257454545 -23.647906021038
35.999105046729 20.994257454545 -21.730716685478
36.499092616822 20.994257454545 -20.661253087028
36.999080186916 20.994257454545 -20.578068411119
37.499067757009 20.994257454545 -21.362681143753
37.999055327103 20.994257454545 -21.974590234198
38.499042897196 20.994257454545 -22.242134191143
38.99903046729 20.994257454545 -22.803877968979
39.499018037383 20.994257454545 -23.695014768705
39.999005607477 20.994257454545 -24.283323320236
40.49899317757 20.994257454545 -24.278248884228
40.998980747664 20.994257454545 -23.107700522074
41.498968317757 20.994257454545 -21.625950506149
41.99895588785 20.994257454545 -20.876806366293
42.498943457944 20.994257454545 -20.842763834703
42.998931028037 20.994257454545 -20.50481913687
43.498918598131 20.994257454545 -20.371355055471
43.998906168224 20.994257454545 -20.991797206589
44.498893738318 20.994257454545 -22.425890039412
44.998881308411 20.994257454545 -23.58939628618
45.498868878505 20.994257454545 -24.627519540467
45.998856448598 20.994257454545 -25.448522915203
46.498844018692 20.994257454545 -26.095157171304
46.998831588785 20.994257454545 -26.136922388978
47.498819158878 20.994257454545 -26.08643967249
47.998806728972 20.994257454545 -25.124277107526
48.498794299065 20.994257454545 -24.692428753905
48.998781869159 20.994257454545 -24.905769121897
49.498769439252 20.994257454545 -25.314532506921
49.998757009346 20.994257454545 -25.392418598613
50.498744579439 20.994257454545 -25.34496612569
50.998732149533 20.994257454545 -25.544486139123
51.498719719626 20.994257454545 -26.310524571055
51.99870728972 20.994257454545 -26.88410411103
52.498694859813 20.994257454545 -27.32126119325
52.998682429907 20.994257454545 -27.229435555153
53.49867 20.994257454545 -26.621184449716
0 21.494120727273 -56.588609055264
0.49998757009346 21.494120727273 -56.304310312826
0.99997514018692 21.494120727273 -56.656623601237
1.4999627102804 21.494120727273 -56.84020596737
1.9999502803738 21.494120727273 -56.677643969083
2.4999378504673 21.494120727273 -56.325672680835
2.9999254205607 21.494120727273 -56.39447060206
3.4999129906542 21.494120727273 -56.182024035575
3.9999005607477 21.494120727273 -56.389669415237
4.4998881308411 21.494120727273 -56.788941378799
4.9998757009346 21.494120727273 -56.693190262921
5.499863271028 21.494120727273 -56.839557559655
5.9998508411215 21.494120727273 -56.647633167502
6.499838411215 21.494120727273 -56.808025209615
6.9998259813084 21.494120727273 -56.112578955096
7.4998135514019 21.494120727273 -55.377513465139
7.9998011214953 21.494120727273 -54.440907088621
8.4997886915888 21.494120727273 -53.552786344835
8.9997762616822 21.494120727273 -51.892005353641
9.4997638317757 21.494120727273 -50.123084133926
9.9997514018692 21.494120727273 -48.143315042876
10.499738971963 21.494120727273 -46.694245949985
10.999726542056 21.494120727273 -45.956188473716
11.49971411215 21.494120727273 -45.273916042711
11.999701682243 21.494120727273 -45.133042881284
12.499689252336 21.494120727273 -44.538934873421
12.99967682243 21.494120727273 -44.079629929847
13.499664392523 21.494120727273 -43.562817505645
13.999651962617 21.494120727273 -42.839996835592
14.49963953271 21.494120727273 -41.737302962098
14.999627102804 21.494120727273 -41.008478437982
15.499614672897 21.494120727273 -40.118116474341
15.999602242991 21.494120727273 -39.262327507741
16.499589813084 21.494120727273 -38.561668581875
16.999577383178 21.494120727273 -38.079572452702
17.499564953271 21.494120727273 -37.910573736262
17.999552523364 21.494120727273 -37.531087023662
18.499540093458 21.494120727273 -37.382948232685
18.999527663551 21.494120727273 -37.4026622915
19.499515233645 21.494120727273 -37.625950769046
19.999502803738 21.494120727273 -37.099776710735
20.499490373832 21.494120727273 -36.334962318177
20.999477943925 21.494120727273 -35.725509875139
21.499465514019 21.494120727273 -35.053317062749
21.999453084112 21.494120727273 -34.491101428841
22.499440654206 21.494120727273 -34.313454448307
22.999428224299 21.494120727273 -33.424050222843
23.499415794393 21.494120727273 -33.763473558797
23.999403364486 21.494120727273 -35.212597990513
24.499390934579 21.494120727273 -36.367344179345
24.999378504673 21.494120727273 -36.392646585942
25.499366074766 21.494120727273 -34.489450821904
25.99935364486 21.494120727273 -34.184325599182
26.499341214953 21.494120727273 -35.442306663356
26.999328785047 21.494120727273 -35.286914586072
27.49931635514 21.494120727273 -33.611183006122
27.999303925234 21.494120727273 -32.258244537778
28.499291495327 21.494120727273 -32.528644497839
28.999279065421 21.494120727273 -33.185948048841
29.499266635514 21.494120727273 -32.474473821107
29.999254205607 21.494120727273 -31.690152744208
30.499241775701 21.494120727273 -30.692742784992
30.999229345794 21.494120727273 -29.690907088006
31.499216915888 21.494120727273 -28.705076584699
31.999204485981 21.494120727273 -27.970094550125
32.499192056075 21.494120727273 -28.04536680444
32.999179626168 21.494120727273 -27.984507591103
33.499167196262 21.494120727273 -27.177781449482
33.999154766355 21.494120727273 -26.314638170061
34.499142336449 21.494120727273 -26.007354174305
34.999129906542 21.494120727273 -25.606289318085
35.499117476636 21.494120727273 -25.697976876181
35.999105046729 21.494120727273 -24.765578407217
36.499092616822 21.494120727273 -24.400118447844
36.999080186916 21.494120727273 -24.70224614815
37.499067757009 21.494120727273 -25.383379705292
37.999055327103 21.494120727273 -24.652889564929
38.499042897196 21.494120727273 -23.670913232596
38.99903046729 21.494120727273 -22.169472143449
39.499018037383 21.494120727273 -23.014941078998
39.999005607477 21.494120727273 -24.075227392092
40.49899317757 21.494120727273 -25.260403553342
40.998980747664 21.494120727273 -25.010401569383
41.498968317757 21.494120727273 -25.188976957334
41.99895588785 21.494120727273 -24.927882559963
42.498943457944 21.494120727273 -25.630311307865
42.998931028037 21.494120727273 -24.38203409773
43.498918598131 21.494120727273 -23.028557895176
43.998906168224 21.494120727273 -21.470463132281
44.498893738318 21.494120727273 -21.623306494046
44.998881308411 21.494120727273 -22.088971822794
45.498868878505 21.494120727273 -23.176246200784
45.998856448598 21.494120727273 -25.685077009632
46.498844018692 21.494120727273 -27.758046593258
46.998831588785 21.494120727273 -29.875977197458
47.498819158878 21.494120727273 -30.21378950194
47.998806728972 21.494120727273 -28.811050458281
48.498794299065 21.494120727273 -28.632186676922
48.998781869159 21.494120727273 -28.996500577963
49.498769439252 21.494120727273 -29.770892343552
49.998757009346 21.494120727273 -29.498426577854
50.498744579439 21.494120727273 -29.127119336629
50.998732149533 21.494120727273 -29.464674013146
51.498719719626 21.494120727273 -30.485559616503
51.99870728972 21.494120727273 -30.92304015531
52.498694859813 21.494120727273 -31.346214602312
52.998682429907 21.494120727273 -32.274963582717
53.49867 21.494120727273 -31.293100117023
0 21.993984 -58.374113166783
0.49998757009346 21.993984 -59.573832938293
0.99997514018692 21.993984 -59.868963057421
1.4999627102804 21.993984 -59.806347986273
1.9999502803738 21.993984 -60.006760260157
2.4999378504673 21.993984 -59.940845409475
2.9999254205607 21.993984 -59.887964302184
3.4999129906542 21.993984 -59.561218255734
3.9999005607477 21.993984 -59.383222310065
4.4998881308411 21.993984 -59.046525083329
4.9998757009346 21.993984 -58.86929555581
5.499863271028 21.993984 -58.492252217172
5.9998508411215 21.993984 -57.930156992709
6.499838411215 21.993984 -57.485278818431
6.9998259813084 21.993984 -57.029915900248
7.4998135514019 21.993984 -56.506487169775
7.9998011214953 21.993984 -55.249278087383
8.4997886915888 21.993984 -54.216116776306
8.9997762616822 21.993984 -53.445692505175
9.4997638317757 21.993984 -52.388345552189
9.9997514018692 21.993984 -51.560736732662
10.499738971963 21.993984 -51.085371996744
10.999726542056 21.993984 -51.101365827539
11.49971411215 21.993984 -50.567238922017
11.999701682243 21.993984 -50.044605189208
12.499689252336 21.993984 -49.442009035918
12.99967682243 21.993984 -49.296655470737
13.499664392523 21.993984 -48.999271030267
13.999651962617 21.993984 -48.500224871176
14.49963953271 21.993984 -48.171957265028
14.999627102804 21.993984 -48.051185808953
15.499614672897 21.993984 -48.108981409014
15.999602242991 21.993984 -47.646611222772
16.499589813084 21.993984 -46.830054755892
16.999577383178 21.993984 -45.807731646917
17.499564953271 21.993984 -44.938266788745
17.999552523364 21.993984 -43.726961922605
18.499540093458 21.993984 -42.877625622091
18.999527663551 21.993984 -41.658156516475
19.499515233645 21.993984 -40.88056745481
19.999502803738 21.993984 -40.364284375525
20.499490373832 21.993984 -39.881680701014
20.999477943925 21.993984 -39.309380033567
21.499465514019 21.993984 -38.625135752646
21.999453084112 21.993984 -38.210535846347
22.499440654206 21.993984 -37.837252826182
22.999428224299 21.993984 -37.539331374352
23.499415794393 21.993984 -37.548216079403
23.999403364486 21.993984 -37.29630734001
24.499390934579 21.993984 -36.851387127206
24.999378504673 21.993984 -36.487376934136
25.499366074766 21.993984 -36.199943949952
25.99935364486 21.993984 -36.149219203529
26.499341214953 21.993984 -35.811481479281
26.999328785047 21.993984 -35.259046385205
27.49931635514 21.993984 -34.734378514592
27.999303925234 21.993984 -34.640235887281
28.499291495327 21.993984 -34.5397058773
28.999279065421 21.993984 -34.07943229694
29.499266635514 21.993984 -33.79688501624
29.999254205607 21.993984 -33.498667937897
30.499241775701 21.993984 -32.800864575131
30.999229345794 21.993984 -32.603168416766
31.499216915888 21.993984 -31.744221102949
31.999204485981 21.993984 -31.541145652081
32.499192056075 21.993984 -31.039193427656
32.999179626168 21.993984 -30.695918140771
33.499167196262 21.993984 -30.231605213494
33.999154766355 21.993984 -29.730234987571
34.499142336449 21.993984 -29.603859795632
34.999129906542 21.993984 -28.604967226541
35.499117476636 21.993984 -28.12760440236
35.999105046729 21.993984 -27.44747405929
36.499092616822 21.993984 -26.926965393422
36.999080186916 21.993984 -26.409564920665
37.499067757009 21.993984 -26.130434941142
37.999055327103 21.993984 -25.824694161464
38.499042897196 21.993984 -25.586594080592
38.99903046729 21.993984 -25.29186232856
39.499018037383 21.993984 -25.198770402408
39.999005607477 21.993984 -25.069696871467
40.49899317757 21.993984 -25.112184263212
40.998980747664 21.993984 -25.126575450215
41.498968317757 21.993984 -25.13717448907
41.99895588785 21.993984 -24.874043976607
42.498943457944 21.993984 -24.898914134399
42.998931028037 21.993984 -25.078122740502
43.498918598131 21.993984 -25.121137301442
43.998906168224 21.993984 -25.555401979427
44.498893738318 21.993984 -26.013528496995
44.998881308411 21.993984 -26.278625210273
45.498868878505 21.993984 -26.783163215512
45.998856448598 21.993984 -27.441563789211
46.498844018692 21.993984 -27.909582152635
46.998831588785 21.993984 -28.369015591692
47.498819158878 21.993984 -28.81433008448
47.998806728972 21.993984 -29.343587718081
48.498794299065 21.993984 -29.880408370655
48.998781869159 21.993984 -29.8403103022
49.498769439252 21.993984 -30.787650096228
49.998757009346 21.993984 -31.246426789925
50.498744579439 21.993984 -31.469847355875
50.998732149533 21.993984 -31.755789263311
51.498719719626 21.993984 -32.051760631538
51.99870728972 21.993984 -31.940767719368
52.498694859813 21.993984 -31.788047229578
52.998682429907 21.993984 -31.591768089928
53.49867 21.993984 -31.370326648996
0 22.493847272727 -58.272138180138
0.49998757009346 22.493847272727 -58.447640866973
0.99997514018692 22.493847272727 -59.168921021331
1.4999627102804 22.493847272727 -59.207075303378
1.9999502803738 22.493847272727 -58.222372950239
2.4999378504673 22.493847272727 -58.164110342408
2.9999254205607 22.493847272727 -58.007685866246
3.4999129906542 22.493847272727 -57.871775715893
3.9999005607477 22.493847272727 -56.810663384325
4.4998881308411 22.493847272727 -55.948946735843
4.9998757009346 22.493847272727 -56.755742592059
5.499863271028 22.493847272727 -57.812892473642
5.9998508411215 22.493847272727 -56.788773478612
6.499838411215 22.493847272727 -55.645560811895
6.9998259813084 22.493847272727 -54.451193123834
7.4998135514019 22.493847272727 -54.353556360326
7.9998011214953 22.493847272727 -54.036946360597
8.4997886915888 22.493847272727 -53.467253572249
8.9997762616822 22.493847272727 -53.766374432421
9.4997638317757 22.493847272727 -54.325012053813
9.9997514018692 22.493847272727 -55.038178976684
10.499738971963 22.493847272727 -54.08080777755
10.999726542056 22.493847272727 -52.534556934255
11.49971411215 22.493847272727 -52.093590877893
11.999701682243 22.493847272727 -50.121121016855
12.499689252336 22.493847272727 -48.398155926172
12.99967682243 22.493847272727 -46.306640279974
13.499664392523 22.493847272727 -45.185398576456
13.999651962617 22.493847272727 -44.099970789752
14.49963953271 22.493847272727 -43.503502454276
14.999627102804 22.493847272727 -43.255582327793
15.499614672897 22.493847272727 -43.642615385092
15.999602242991 22.493847272727 -43.332246591921
16.499589813084 22.493847272727 -43.005815199963
16.999577383178 22.493847272727 -41.405775931334
17.499564953271 22.493847272727 -41.379558412864
17.999552523364 22.493847272727 -41.484113130843
18.499540093458 22.493847272727 -41.390107443137
18.999527663551 22.493847272727 -40.521828605418
19.499515233645 22.493847272727 -40.866348442435
19.999502803738 22.493847272727 -42.713271333965
20.499490373832 22.493847272727 -44.67865991392
20.999477943925 22.493847272727 -44.638910668071
21.499465514019 22.493847272727 -42.324130636187
21.999453084112 22.493847272727 -40.947984488228
22.499440654206 22.493847272727 -40.422021534318
22.999428224299 22.493847272727 -38.98518768336
23.499415794393 22.493847272727 -35.345303115517
23.999403364486 22.493847272727 -30.662444809185
24.499390934579 22.493847272727 -33.480020834524
24.999378504673 22.493847272727 -32.63228968853
25.499366074766 22.493847272727 -32.260961425739
25.99935364486 22.493847272727 -29.894242127205
26.499341214953 22.493847272727 -28.914170263991
26.999328785047 22.493847272727 -29.163859969985
27.49931635514 22.493847272727 -29.97236033789
27.999303925234 22.493847272727 -28.927680659316
28.499291495327 22.493847272727 -27.383066357093
28.999279065421 22.493847272727 -27.458100726248
29.499266635514 22.493847272727 -27.560361494166
29.999254205607 22.493847272727 -27.524641844313
30.499241775701 22.493847272727 -27.064548548884
30.999229345794 22.493847272727 -28.528913578524
31.499216915888 22.493847272727 -29.503821153247
31.999204485981 22.493847272727 -30.349342874475
32.499192056075 22.493847272727 -30.038210316936
32.999179626168 22.493847272727 -30.653472868719
33.499167196262 22.493847272727 -29.568359030835
33.999154766355 22.493847272727 -29.386426825163
34.499142336449 22.493847272727 -27.806683026692
34.999129906542 22.493847272727 -25.848977180843
35.499117476636 22.493847272727 -24.72724832639
35.999105046729 22.493847272727 -25.630201161038
36.499092616822 22.493847272727 -25.746254780585
36.999080186916 22.493847272727 -25.37332933892
37.499067757009 22.493847272727 -24.770478796142
37.999055327103 22.493847272727 -25.019148818957
38.499042897196 22.493847272727 -24.869158106098
38.99903046729 22.493847272727 -24.618329955871
39.499018037383 22.493847272727 -24.48016083178
39.999005607477 22.493847272727 -24.581538930474
40.49899317757 22.493847272727 -24.550804226257
40.998980747664 22.493847272727 -24.732079025017
41.498968317757 22.493847272727 -24.463324906049
41.99895588785 22.493847272727 -25.679834971813
42.498943457944 22.493847272727 -25.186269711612
42.998931028037 22.493847272727 -25.96539843
43.498918598131 22.493847272727 -26.573085739142
43.998906168224 22.493847272727 -26.986295487109
44.498893738318 22.493847272727 -26.287448802281
44.998881308411 22.493847272727 -26.280782836503
45.498868878505 22.493847272727 -26.351224033179
45.998856448598 22.493847272727 -28.561320896286
46.498844018692 22.493847272727 -28.889784224354
46.998831588785 22.493847272727 -28.533395947453
47.498819158878 22.493847272727 -27.250053530389
47.998806728972 22.493847272727 -26.922653803242
48.498794299065 22.493847272727 -24.950996278014
48.998781869159 22.493847272727 -25.093952487679
49.498769439252 22.493847272727 -22.288577658981
49.998757009346 22.493847272727 -21.046518809663
50.498744579439 22.493847272727 -23.162722838551
50.998732149533 22.493847272727 -24.491036540827
51.498719719626 22.493847272727 -26.936435664971
51.99870728972 22.493847272727 -28.652188991826
52.498694859813 22.493847272727 -30.497128851507
52.998682429907 22.493847272727 -30.23701927954
53.49867 22.493847272727 -29.549589347361
0 22.993710545455 -58.94960323099
0.49998757009346 22.993710545455 -59.47611545425
0.99997514018692 22.993710545455 -59.796880204077
1.4999627102804 22.993710545455 -59.872979402537
1.9999502803738 22.993710545455 -59.32911063364
2.4999378504673 22.993710545455 -59.573216293711
2.9999254205607 22.993710545455 -60.225794130634
3.4999129906542 22.993710545455 -60.663385396033
3.9999005607477 22.993710545455 -60.724636458814
4.4998881308411 22.993710545455 -60.302088540591
4.9998757009346 22.993710545455 -60.451146819717
5.499863271028 22.993710545455 -60.58494818853
5.9998508411215 22.993710545455 -60.085351963134
6.499838411215 22.993710545455 -59.442655459243
6.9998259813084 22.993710545455 -58.865745784941
7.4998135514019 22.993710545455 -58.500596286905
7.9998011214953 22.993710545455 -58.323822106993
8.4997886915888 22.993710545455 -57.432151676126
8.9997762616822 22.993710545455 -56.783893924545
9.4997638317757 22.993710545455 -56.1457420857
9.9997514018692 22.993710545455 -55.020006950578
10.499738971963 22.993710545455 -54.036755229692
10.999726542056 22.993710545455 -52.847943134274
11.49971411215 22.993710545455 -52.598532052058
11.999701682243 22.993710545455 -51.286622770932
12.499689252336 22.993710545455 -51.052943314935
12.99967682243 22.993710545455 -50.573084830767
13.499664392523 22.993710545455 -50.457928304948
13.999651962617 22.993710545455 -49.882303908248
14.49963953271 22.993710545455 -49.313517325943
14.999627102804 22.993710545455 -49.804555482588
15.499614672897 22.993710545455 -49.83834803021
15.999602242991 22.993710545455 -49.783392255443
16.499589813084 22.993710545455 -49.406415906377
16.999577383178 22.993710545455 -48.407097027338
17.499564953271 22.993710545455 -47.944299478349
17.999552523364 22.993710545455 -47.364248501912
18.499540093458 22.993710545455 -45.623166141969
18.999527663551 22.993710545455 -44.157380171496
19.499515233645 22.993710545455 -43.949563837112
19.999502803738 22.993710545455 -43.506939336444
20.499490373832 22.993710545455 -42.863652784074
20.999477943925 22.993710545455 -41.536908754636
21.499465514019 22.993710545455 -41.024013227443
21.999453084112 22.993710545455 -40.813664818031
22.499440654206 22.993710545455 -40.558914455183
22.999428224299 22.993710545455 -39.943123073361
23.499415794393 22.993710545455 -38.587851896962
23.999403364486 22.993710545455 -38.170580475813
24.499390934579 22.993710545455 -38.425962507136
24.999378504673 22.993710545455 -38.18210799469
25.499366074766 22.993710545455 -38.202339621558
25.99935364486 22.993710545455 -37.600852374095
26.499341214953 22.993710545455 -37.617126943471
26.999328785047 22.993710545455 -37.142819369243
27.49931635514 22.993710545455 -37.203511489748
27.999303925234 22.993710545455 -36.327414450971
28.499291495327 22.993710545455 -35.134550400306
28.999279065421 22.993710545455 -34.352832360984
29.499266635514 22.993710545455 -33.933291216568
29.999254205607 22.993710545455 -33.659235221746
30.499241775701 22.993710545455 -33.465831305325
30.999229345794 22.993710545455 -33.366564374603
31.499216915888 22.993710545455 -33.415450938754
31.999204485981 22.993710545455 -33.386470612652
32.499192056075 22.993710545455 -32.957423178279
32.999179626168 22.993710545455 -32.534263287329
33.499167196262 22.993710545455 -31.898095750585
33.999154766355 22.993710545455 -31.470159577258
34.499142336449 22.993710545455 -30.677745263449
34.999129906542 22.993710545455 -29.845995203328
35.499117476636 22.993710545455 -29.134295509463
35.999105046729 22.993710545455 -28.788038327891
36.499092616822 22.993710545455 -28.370795707268
36.999080186916 22.993710545455 -28.013451471101
37.499067757009 22.993710545455 -27.479705152973
37.999055327103 22.993710545455 -27.294201525925
38.499042897196 22.993710545455 -27.051966949816
38.99903046729 22.993710545455 -26.764748711077
39.499018037383 22.993710545455 -26.484420853304
39.999005607477 22.993710545455 -26.356201448719
40.49899317757 22.993710545455 -26.275614587091
40.998980747664 22.993710545455 -26.469121954348
41.498968317757 22.993710545455 -26.733051444965
41.99895588785 22.993710545455 -27.659216789365
42.498943457944 22.993710545455 -28.038696007442
42.998931028037 22.993710545455 -28.813542205813
43.498918598131 22.993710545455 -29.71427445393
43.998906168224 22.993710545455 -30.111464493225
44.498893738318 22.993710545455 -30.329858608381
44.998881308411 22.993710545455 -30.325630407717
45.498868878505 22.993710545455 -29.967029899514
45.998856448598 22.993710545455 -30.190124501487
46.498844018692 22.993710545455 -30.696334331939
46.998831588785 22.993710545455 -30.986501044639
47.498819158878 22.993710545455 -31.241221637511
47.998806728972 22.993710545455 -31.771450019916
48.498794299065 22.993710545455 -32.265408758139
48.998781869159 22.993710545455 -32.592728902881
49.498769439252 22.993710545455 -32.768828844588
49.998757009346 22.993710545455 -32.896152230839
50.498744579439 22.993710545455 -33.947872421369
50.998732149533 22.993710545455 -33.76890431934
51.498719719626 22.993710545455 -34.312018834276
51.99870728972 22.993710545455 -34.34054881573
52.498694859813 22.993710545455 -33.451812032952
52.998682429907 22.993710545455 -32.95260708943
53.49867 22.993710545455 -31.526585616423
0 23.493573818182 -60.644711517279
0.49998757009346 23.493573818182 -60.215851529414
0.99997514018692 23.493573818182 -59.376326321462
1.4999627102804 23.493573818182 -58.640948768256
1.9999502803738 23.493573818182 -57.045908236497
2.4999378504673 23.493573818182 -56.13596912656
2.9999254205607 23.493573818182 -56.707704215563
3.4999129906542 23.493573818182 -57.402684145543
3.9999005607477 23.493573818182 -57.648661134098
4.4998881308411 23.493573818182 -57.388786305708
4.9998757009346 23.493573818182 -58.479263985409
5.499863271028 23.493573818182 -59.681117041918
5.9998508411215 23.493573818182 -59.752754792244
6.499838411215 23.493573818182 -58.788770860381
6.9998259813084 23.493573818182 -58.083244604847
7.4998135514019 23.493573818182 -57.814607784724
7.9998011214953 23.493573818182 -57.990379728528
8.4997886915888 23.493573818182 -57.136890998457
8.9997762616822 23.493573818182 -56.534182694017
9.4997638317757 23.493573818182 -55.949642822631
9.9997514018692 23.493573818182 -54.923065072588
10.499738971963 23.493573818182 -53.440393923247
10.999726542056 23.493573818182 -52.087481222523
11.49971411215 23.493573818182 -51.197406701042
11.999701682243 23.493573818182 -50.437414241861
12.499689252336 23.493573818182 -49.967436639819
12.99967682243 23.493573818182 -48.893354381301
13.499664392523 23.493573818182 -49.108089049547
13.999651962617 23.493573818182 -48.795265703934
14.49963953271 23.493573818182 -47.853142611192
14.999627102804 23.493573818182 -47.658479819807
15.499614672897 23.493573818182 -46.890119262815
15.999602242991 23.493573818182 -46.691255307746
16.499589813084 23.493573818182 -46.328415384358
16.999577383178 23.493573818182 -45.492550096664
17.499564953271 23.493573818182 -45.154970047578
17.999552523364 23.493573818182 -45.132532037041
18.499540093458 23.493573818182 -44.632260675798
18.999527663551 23.493573818182 -44.273049279974
19.499515233645 23.493573818182 -44.165850430294
19.999502803738 23.493573818182 -43.770601144979
20.499490373832 23.493573818182 -42.690909391648
20.999477943925 23.493573818182 -41.621559618314
21.499465514019 23.493573818182 -40.686452200067
21.999453084112 23.493573818182 -40.154983636209
22.499440654206 23.493573818182 -39.380200407218
22.999428224299 23.493573818182 -38.971384099914
23.499415794393 23.493573818182 -38.020634333174
23.999403364486 23.493573818182 -38.038929516872
24.499390934579 23.493573818182 -38.356386575665
24.999378504673 23.493573818182 -38.690146090952
25.499366074766 23.493573818182 -38.504952628559
25.99935364486 23.493573818182 -37.604198473669
26.499341214953 23.493573818182 -37.44537923346
26.999328785047 23.493573818182 -37.37624545479
27.49931635514 23.493573818182 -38.162290266285
27.999303925234 23.493573818182 -37.703430878175
28.499291495327 23.493573818182 -36.969821809271
28.999279065421 23.493573818182 -36.07946773512
29.499266635514 23.493573818182 -35.704775068799
29.999254205607 23.493573818182 -35.962837988491
30.499241775701 23.493573818182 -35.355800174757
30.999229345794 23.493573818182 -34.197670446396
31.499216915888 23.493573818182 -33.610104168964
31.999204485981 23.493573818182 -33.273804432382
32.499192056075 23.493573818182 -33.283868533504
32.999179626168 23.493573818182 -33.981266391815
33.499167196262 23.493573818182 -33.890754389879
33.999154766355 23.493573818182 -33.628014757238
34.499142336449 23.493573818182 -32.953062603428
34.999129906542 23.493573818182 -32.014754365578
35.499117476636 23.493573818182 -31.458521718996
35.999105046729 23.493573818182 -30.385817297934
36.499092616822 23.493573818182 -29.116006221142
36.999080186916 23.493573818182 -27.864461650549
37.499067757009 23.493573818182 -26.871775706805
37.999055327103 23.493573818182 -26.389768086192
38.499042897196 23.493573818182 -26.372334245153
38.99903046729 23.493573818182 -25.489889486529
39.499018037383 23.493573818182 -25.114019243012
39.999005607477 23.493573818182 -24.969036308533
40.49899317757 23.493573818182 -25.431995056219
40.998980747664 23.493573818182 -25.502697826161
41.498968317757 23.493573818182 -25.867171938083
41.99895588785 23.493573818182 -26.260803102983
42.498943457944 23.493573818182 -26.903015237874
42.998931028037 23.493573818182 -28.110617788392
43.498918598131 23.493573818182 -28.958849177553
43.998906168224 23.493573818182 -29.637938775689
44.498893738318 23.493573818182 -30.616268616092
44.998881308411 23.493573818182 -30.973201436434
45.498868878505 23.493573818182 -31.322106967602
45.998856448598 23.493573818182 -31.660698687273
46.498844018692 23.493573818182 -32.368843947912
46.998831588785 23.493573818182 -32.923422160108
47.498819158878 23.493573818182 -33.405398099578
47.998806728972 23.493573818182 -33.847766841604
48.498794299065 23.493573818182 -34.091218548914
48.998781869159 23.493573818182 -34.429248071401
49.498769439252 23.493573818182 -34.99156332389
49.998757009346 23.493573818182 -35.42228172742
50.498744579439 23.493573818182 -35.545657433977
50.998732149533 23.493573818182 -35.719912928432
51.498719719626 23.493573818182 -35.976390616976
51.99870728972 23.493573818182 -35.717733569031
52.498694859813 23.493573818182 -35.416946903585
52.998682429907 23.493573818182 -34.872315626032
53.49867 23.493573818182 -34.122324761125
0 23.993437090909 -59.642161681714
0.49998757009346 23.993437090909 -58.537108162584
0.99997514018692 23.993437090909 -58.035492359022
1.4999627102804 23.993437090909 -57.223978897186
1.9999502803738 23.993437090909 -56.732835058276
2.4999378504673 23.993437090909 -56.072923121345
2.9999254205607 23.993437090909 -56.465695629696
3.4999129906542 23.993437090909 -56.838959107054
3.9999005607477 23.993437090909 -57.384417237892
4.4998881308411 23.993437090909 -58.161510528584
4.9998757009346 23.993437090909 -58.49665257544
5.499863271028 23.993437090909 -58.983481110043
5.9998508411215 23.993437090909 -58.58421971052
6.499838411215 23.993437090909 -57.312789513861
6.9998259813084 23.993437090909 -56.230602563179
7.4998135514019 23.993437090909 -55.417166291632
7.9998011214953 23.993437090909 -54.63395019286
8.4997886915888 23.993437090909 -54.261259134462
8.9997762616822 23.993437090909 -54.35612718289
9.4997638317757 23.993437090909 -53.624592023721
9.9997514018692 23.993437090909 -53.959615635426
10.499738971963 23.993437090909 -52.697528118515
10.999726542056 23.993437090909 -52.105924077292
11.49971411215 23.993437090909 -51.292914125969
11.999701682243 23.993437090909 -51.138531893346
12.499689252336 23.993437090909 -50.625670812935
12.99967682243 23.993437090909 -49.885412451394
13.499664392523 23.993437090909 -49.956286014444
13.999651962617 23.993437090909 -49.336586652512
14.49963953271 23.993437090909 -49.127743125845
14.999627102804 23.993437090909 -48.49860273378
15.499614672897 23.993437090909 -47.121077602274
15.999602242991 23.993437090909 -47.023587822609
16.499589813084 23.993437090909 -46.656411025935
16.999577383178 23.993437090909 -46.501699044976
17.499564953271 23.993437090909 -45.976590053185
17.999552523364 23.993437090909 -45.738981577898
18.499540093458 23.993437090909 -45.348151295083
18.999527663551 23.993437090909 -45.302171009453
19.499515233645 23.993437090909 -44.988478270923
19.999502803738 23.993437090909 -43.984384198618
20.499490373832 23.993437090909 -42.752231972198
20.999477943925 23.993437090909 -42.281919930057
21.499465514019 23.993437090909 -41.1937574711
21.999453084112 23.993437090909 -40.702399541765
22.499440654206 23.993437090909 -39.934307325049
22.999428224299 23.993437090909 -39.59347001279
23.499415794393 23.993437090909 -39.098187252289
23.999403364486 23.993437090909 -39.120098880673
24.499390934579 23.993437090909 -39.049108564424
24.999378504673 23.993437090909 -39.190409421313
25.499366074766 23.993437090909 -39.166683875302
25.99935364486 23.993437090909 -38.581407461724
26.499341214953 23.993437090909 -38.238382748203
26.999328785047 23.993437090909 -37.974886891924
27.49931635514 23.993437090909 -38.093393276293
27.999303925234 23.993437090909 -37.910312918323
28.499291495327 23.993437090909 -37.339631751762
28.999279065421 23.993437090909 -36.464161876234
29.499266635514 23.993437090909 -36.027169878053
29.999254205607 23.993437090909 -35.860936217367
30.499241775701 23.993437090909 -35.384460543166
30.999229345794 23.993437090909 -34.532939179131
31.499216915888 23.993437090909 -33.932464968138
31.999204485981 23.993437090909 -33.502611091951
32.499192056075 23.993437090909 -33.450372390556
32.999179626168 23.993437090909 -33.799615456165
33.499167196262 23.993437090909 -33.843684622279
33.999154766355 23.993437090909 -33.561471157013
34.499142336449 23.993437090909 -32.975098658271
34.999129906542 23.993437090909 -32.206644810478
35.499117476636 23.993437090909 -31.528663140132
35.999105046729 23.993437090909 -30.708924268013
36.499092616822 23.993437090909 -29.786091929492
36.999080186916 23.993437090909 -28.907573131245
37.499067757009 23.993437090909 -28.227196543985
37.999055327103 23.993437090909 -27.984973298866
38.499042897196 23.993437090909 -27.791209610757
38.99903046729 23.993437090909 -27.220814924493
39.499018037383 23.993437090909 -26.8248243347
39.999005607477 23.993437090909 -26.482109041026
40.49899317757 23.993437090909 -26.47040231582
40.998980747664 23.993437090909 -26.473759013896
41.498968317757 23.993437090909 -26.792530871252
41.99895588785 23.993437090909 -27.152470481138
42.498943457944 23.993437090909 -27.799886235632
42.998931028037 23.993437090909 -28.655206039034
43.498918598131 23.993437090909 -29.520260630698
43.998906168224 23.993437090909 -30.340002989386
44.498893738318 23.993437090909 -31.338785164618
44.998881308411 23.993437090909 -32.09082686068
45.498868878505 23.993437090909 -32.683700849826
45.998856448598 23.993437090909 -33.20759781935
46.498844018692 23.993437090909 -33.775829818802
46.998831588785 23.993437090909 -34.258858908081
47.498819158878 23.993437090909 -34.731297794376
47.998806728972 23.993437090909 -35.330437567121
48.498794299065 23.993437090909 -35.856207736796
48.998781869159 23.993437090909 -36.90245960529
49.498769439252 23.993437090909 -37.4054447322
49.998757009346 23.993437090909 -37.826257424854
50.498744579439 23.993437090909 -38.801059826155
50.998732149533 23.993437090909 -35.707162379476
51.498719719626 23.993437090909 -37.442296490209
51.99870728972 23.993437090909 -37.431715133203
52.498694859813 23.993437090909 -37.303869632989
52.998682429907 23.993437090909 -36.896067866533
53.49867 23.993437090909 -36.281747887296
0 24.493300363636 -62.62623327996
0.49998757009346 24.493300363636 -62.18132927357
0.99997514018692 24.493300363636 -62.345540458366
1.4999627102804 24.493300363636 -62.262070489248
1.9999502803738 24.493300363636 -62.612756791547
2.4999378504673 24.493300363636 -62.365068283535
2.9999254205607 24.493300363636 -62.434569259683
3.4999129906542 24.493300363636 -62.476791233282
3.9999005607477 24.493300363636 -62.428061714132
4.4998881308411 24.493300363636 -62.811028420957
4.9998757009346 24.493300363636 -62.516179667712
5.499863271028 24.493300363636 -62.552669100277
5.9998508411215 24.493300363636 -62.358791772601
6.499838411215 24.493300363636 -61.592559895002
6.9998259813084 24.493300363636 -60.38112148123
7.4998135514019 24.493300363636 -58.754692665165
7.9998011214953 24.493300363636 -57.113174857983
8.4997886915888 24.493300363636 -55.917065710698
8.9997762616822 24.493300363636 -55.014590889469
9.4997638317757 24.493300363636 -54.225843471843
9.9997514018692 24.493300363636 -54.627869893529
10.499738971963 24.493300363636 -54.322565230893
10.999726542056 24.493300363636 -54.323703630469
11.49971411215 24.493300363636 -53.717438675659
11.999701682243 24.493300363636 -52.92524107544
12.499689252336 24.493300363636 -51.878088726682
12.99967682243 24.493300363636 -51.362769758951
13.499664392523 24.493300363636 -51.22452349535
13.999651962617 24.493300363636 -50.31296755955
14.49963953271 24.493300363636 -50.15854032855
14.999627102804 24.493300363636 -49.649007246592
15.499614672897 24.493300363636 -48.66779879786
15.999602242991 24.493300363636 -47.866502331609
16.499589813084 24.493300363636 -46.82549558216
16.999577383178 24.493300363636 -46.634206130276
17.499564953271 24.493300363636 -46.320211742112
17.999552523364 24.493300363636 -46.226106696662
18.499540093458 24.493300363636 -45.603378452327
18.999527663551 24.493300363636 -45.51415816182
19.499515233645 24.493300363636 -45.380067174768
19.999502803738 24.493300363636 -44.770229401385
20.499490373832 24.493300363636 -43.970855311983
20.999477943925 24.493300363636 -43.479574726407
21.499465514019 24.493300363636 -43.25246893745
21.999453084112 24.493300363636 -43.599676790589
22.499440654206 24.493300363636 -43.683405466257
22.999428224299 24.493300363636 -43.675241847934
23.499415794393 24.493300363636 -43.601619324846
23.999403364486 24.493300363636 -44.019014600657
24.499390934579 24.493300363636 -44.588815754457
24.999378504673 24.493300363636 -45.310057721119
25.499366074766 24.493300363636 -44.811202000758
25.99935364486 24.493300363636 -43.71545983515
26.499341214953 24.493300363636 -42.572570257954
26.999328785047 24.493300363636 -41.200166857493
27.49931635514 24.493300363636 -39.827470315666
27.999303925234 24.493300363636 -38.111139867627
28.499291495327 24.493300363636 -36.9921541394
28.999279065421 24.493300363636 -36.371526561095
29.499266635514 24.493300363636 -36.257724716682
29.999254205607 24.493300363636 -36.144170063157
30.499241775701 24.493300363636 -35.775507453912
30.999229345794 24.493300363636 -34.968373124029
31.499216915888 24.493300363636 -34.243753081516
31.999204485981 24.493300363636 -33.789593039478
32.499192056075 24.493300363636 -33.527614476655
32.999179626168 24.493300363636 -33.035561096473
33.499167196262 24.493300363636 -32.679443916645
33.999154766355 24.493300363636 -32.277140754845
34.499142336449 24.493300363636 -31.698461884321
34.999129906542 24.493300363636 -31.237875707221
35.499117476636 24.493300363636 -30.762359657312
35.999105046729 24.493300363636 -30.458307997865
36.499092616822 24.493300363636 -30.214248449176
36.999080186916 24.493300363636 -30.001490868829
37.499067757009 24.493300363636 -29.802448649628
37.999055327103 24.493300363636 -29.716316671403
38.499042897196 24.493300363636 -29.457833546052
38.99903046729 24.493300363636 -29.482409358581
39.499018037383 24.493300363636 -29.36980980974
39.999005607477 24.493300363636 -29.120332154895
40.49899317757 24.493300363636 -28.990335431259
40.998980747664 24.493300363636 -29.029317234307
41.498968317757 24.493300363636 -29.139482149965
41.99895588785 24.493300363636 -29.585997487974
42.498943457944 24.493300363636 -30.018966951126
42.998931028037 24.493300363636 -30.425519015001
43.498918598131 24.493300363636 -31.337028035211
43.998906168224 24.493300363636 -32.223423134681
44.498893738318 24.493300363636 -32.895375121003
44.998881308411 24.493300363636 -33.836492485339
45.498868878505 24.493300363636 -34.799068215442
45.998856448598 24.493300363636 -35.909870348854
46.498844018692 24.493300363636 -36.85325318001
46.998831588785 24.493300363636 -37.335495926682
47.498819158878 24.493300363636 -37.950096934324
47.998806728972 24.493300363636 -38.637391128311
48.498794299065 24.493300363636 -38.878627838852
48.998781869159 24.493300363636 -38.354513206572
49.498769439252 24.493300363636 -38.168683379418
49.998757009346 24.493300363636 -37.674425993997
50.498744579439 24.493300363636 -37.072040700339
50.998732149533 24.493300363636 -39.239006304284
51.498719719626 24.493300363636 -37.316077267594
51.99870728972 24.493300363636 -36.950132846325
52.498694859813 24.493300363636 -36.730467730215
52.998682429907 24.493300363636 -36.01014666021
53.49867 24.493300363636 -35.779867921406
0 24.993163636364 -61.938462782814
0.49998757009346 24.993163636364 -62.507081644917
0.99997514018692 24.993163636364 -63.564648442838
1.4999627102804 24.993163636364 -63.770012892315
1.9999502803738 24.993163636364 -62.867804086385
2.4999378504673 24.993163636364 -62.303029886052
2.9999254205607 24.993163636364 -62.756069257246
3.4999129906542 24.993163636364 -61.739551262682
3.9999005607477 24.993163636364 -59.172290892273
4.4998881308411 24.993163636364 -59.561097323471
4.9998757009346 24.993163636364 -60.319917365481
5.499863271028 24.993163636364 -60.937674419047
5.9998508411215 24.993163636364 -60.885840738515
6.499838411215 24.993163636364 -60.836040152256
6.9998259813084 24.993163636364 -60.455894737398
7.4998135514019 24.993163636364 -59.591182867789
7.9998011214953 24.993163636364 -57.980253399342
8.4997886915888 24.993163636364 -56.958287790609
8.9997762616822 24.993163636364 -55.364106842602
9.4997638317757 24.993163636364 -53.745925495335
9.9997514018692 24.993163636364 -53.334951333181
10.499738971963 24.993163636364 -53.375901411436
10.999726542056 24.993163636364 -52.534048746433
11.49971411215 24.993163636364 -51.91152900632
11.999701682243 24.993163636364 -52.307218198186
12.499689252336 24.993163636364 -51.470120171193
12.99967682243 24.993163636364 -51.525856711344
13.499664392523 24.993163636364 -50.958945040691
13.999651962617 24.993163636364 -50.012433273327
14.49963953271 24.993163636364 -49.404218152568
14.999627102804 24.993163636364 -48.530201118047
15.499614672897 24.993163636364 -48.833419718589
15.999602242991 24.993163636364 -48.593981109266
16.499589813084 24.993163636364 -47.150628450417
16.999577383178 24.993163636364 -46.983685836378
17.499564953271 24.993163636364 -48.041009992201
17.999552523364 24.993163636364 -47.697397940481
18.499540093458 24.993163636364 -47.213960765414
18.999527663551 24.993163636364 -46.434751102403
19.499515233645 24.993163636364 -46.80708847849
19.999502803738 24.993163636364 -46.877836382132
20.499490373832 24.993163636364 -46.240607152133
20.999477943925 24.993163636364 -45.477584691227
21.499465514019 24.993163636364 -45.473901717826
21.999453084112 24.993163636364 -45.493471343865
22.499440654206 24.993163636364 -45.201141336906
22.999428224299 24.993163636364 -44.573829707763
23.499415794393 24.993163636364 -44.055067561189
23.999403364486 24.993163636364 -43.059302565981
24.499390934579 24.993163636364 -42.150266207318
24.999378504673 24.993163636364 -41.764598691671
25.499366074766 24.993163636364 -41.15835305179
25.99935364486 24.993163636364 -39.014427683821
26.499341214953 24.993163636364 -36.928057078168
26.999328785047 24.993163636364 -34.77876712595
27.49931635514 24.993163636364 -33.546340006776
27.999303925234 24.993163636364 -32.619007134503
28.499291495327 24.993163636364 -32.03265180762
28.999279065421 24.993163636364 -32.159865550428
29.499266635514 24.993163636364 -33.570751017605
29.999254205607 24.993163636364 -34.362979279961
30.499241775701 24.993163636364 -36.002592952571
30.999229345794 24.993163636364 -36.228604689538
31.499216915888 24.993163636364 -36.322914764813
31.999204485981 24.993163636364 -36.910255898779
32.499192056075 24.993163636364 -37.523839572226
32.999179626168 24.993163636364 -37.58279145582
33.499167196262 24.993163636364 -36.598007795246
33.999154766355 24.993163636364 -35.233525228656
34.499142336449 24.993163636364 -34.283640717548
34.999129906542 24.993163636364 -33.987088966637
35.499117476636 24.993163636364 -32.585939797374
35.999105046729 24.993163636364 -31.297529164607
36.499092616822 24.993163636364 -30.140498701095
36.999080186916 24.993163636364 -29.886822341651
37.499067757009 24.993163636364 -29.839042854186
37.999055327103 24.993163636364 -29.10738612018
38.499042897196 24.993163636364 -27.932056862034
38.99903046729 24.993163636364 -27.743420816889
39.499018037383 24.993163636364 -27.710561285023
39.999005607477 24.993163636364 -27.610484153013
40.49899317757 24.993163636364 -28.126206064208
40.998980747664 24.993163636364 -28.244884187081
41.498968317757 24.993163636364 -28.271508129979
41.99895588785 24.993163636364 -28.459390394322
42.498943457944 24.993163636364 -28.633897959278
42.998931028037 24.993163636364 -29.072990813654
43.498918598131 24.993163636364 -30.243762740796
43.998906168224 24.993163636364 -31.142321518901
44.498893738318 24.993163636364 -31.701734898208
44.998881308411 24.993163636364 -32.822725148781
45.498868878505 24.993163636364 -34.356910657051
45.998856448598 24.993163636364 -35.869245638371
46.498844018692 24.993163636364 -37.264263299943
46.998831588785 24.993163636364 -37.768832026928
47.498819158878 24.993163636364 -38.082703669669
47.998806728972 24.993163636364 -38.385603684415
48.498794299065 24.993163636364 -38.09881074423
48.998781869159 24.993163636364 -37.340424845005
49.498769439252 24.993163636364 -36.726874568622
49.998757009346 24.993163636364 -36.25936600923
50.498744579439 24.993163636364 -35.911316320189
50.998732149533 24.993163636364 -35.474710949043
51.498719719626 24.993163636364 -34.860885341207
51.99870728972 24.993163636364 -34.615632383027
52.498694859813 24.993163636364 -35.148827998765
52.998682429907 24.993163636364 -35.397135209163
53.49867 24.993163636364 -35.709771724079
0 25.493026909091 -59.305212765541
0.49998757009346 25.493026909091 -60.549925329756
0.99997514018692 25.493026909091 -61.440133295495
1.4999627102804 25.493026909091 -61.197204441766
1.9999502803738 25.493026909091 -59.122754232824
2.4999378504673 25.493026909091 -58.08230485508
2.9999254205607 25.493026909091 -59.03284591167
3.4999129906542 25.493026909091 -57.595313615766
3.9999005607477 25.493026909091 -54.517469960375
4.4998881308411 25.493026909091 -55.464883253551
4.9998757009346 25.493026909091 -56.711320566068
5.499863271028 25.493026909091 -57.363644053098
5.9998508411215 25.493026909091 -56.715278799949
6.499838411215 25.493026909091 -56.357831576719
6.9998259813084 25.493026909091 -56.475981506217
7.4998135514019 25.493026909091 -56.307667404508
7.9998011214953 25.493026909091 -54.904612439239
8.4997886915888 25.493026909091 -54.487819272972
8.9997762616822 25.493026909091 -53.272472795531
9.4997638317757 25.493026909091 -51.229799732496
9.9997514018692 25.493026909091 -50.633921049774
10.499738971963 25.493026909091 -50.183061505104
10.999726542056 25.493026909091 -48.942516939339
11.49971411215 25.493026909091 -48.552722538163
11.999701682243 25.493026909091 -50.637264373852
12.499689252336 25.493026909091 -50.55516626043
12.99967682243 25.493026909091 -50.855165854189
13.499664392523 25.493026909091 -50.05385200823
13.999651962617 25.493026909091 -49.311647625326
14.49963953271 25.493026909091 -48.503836827518
14.999627102804 25.493026909091 -47.213197851743
15.499614672897 25.493026909091 -48.197197527263
15.999602242991 25.493026909091 -49.073742093162
16.499589813084 25.493026909091 -48.489820632137
16.999577383178 25.493026909091 -48.771351909056
17.499564953271 25.493026909091 -50.6607367377
17.999552523364 25.493026909091 -50.10794328412
18.499540093458 25.493026909091 -49.866303976761
18.999527663551 25.493026909091 -48.034741202061
19.499515233645 25.493026909091 -47.373596643836
19.999502803738 25.493026909091 -46.777572655681
20.499490373832 25.493026909091 -45.431949110481
20.999477943925 25.493026909091 -44.27285163568
21.499465514019 25.493026909091 -43.509693124088
21.999453084112 25.493026909091 -42.728561723895
22.499440654206 25.493026909091 -41.848334307265
22.999428224299 25.493026909091 -40.712888047527
23.499415794393 25.493026909091 -39.968298888953
23.999403364486 25.493026909091 -38.091029001676
24.499390934579 25.493026909091 -35.922676862863
24.999378504673 25.493026909091 -34.380931344911
25.499366074766 25.493026909091 -34.290565093501
25.99935364486 25.493026909091 -32.570548541011
26.499341214953 25.493026909091 -30.937629897277
26.999328785047 25.493026909091 -29.157212061019
27.49931635514 25.493026909091 -28.874762814275
27.999303925234 25.493026909091 -29.645173563929
28.499291495327 25.493026909091 -30.034985332307
28.999279065421 25.493026909091 -30.971365711772
29.499266635514 25.493026909091 -33.186405993057
29.999254205607 25.493026909091 -34.744470712081
30.499241775701 25.493026909091 -37.785498747884
30.999229345794 25.493026909091 -39.103110261036
31.499216915888 25.493026909091 -40.250688005463
31.999204485981 25.493026909091 -41.539662012792
32.499192056075 25.493026909091 -42.361979275175
32.999179626168 25.493026909091 -43.883719954294
33.499167196262 25.493026909091 -43.013775973827
33.999154766355 25.493026909091 -41.409039352381
34.499142336449 25.493026909091 -40.254236729069
34.999129906542 25.493026909091 -39.329796081194
35.499117476636 25.493026909091 -37.095692338334
35.999105046729 25.493026909091 -34.413289104199
36.499092616822 25.493026909091 -31.708791191328
36.999080186916 25.493026909091 -30.478247480865
37.499067757009 25.493026909091 -29.710360531429
37.999055327103 25.493026909091 -28.228812091123
38.499042897196 25.493026909091 -26.743127322515
38.99903046729 25.493026909091 -25.833546419184
39.499018037383 25.493026909091 -25.554893486211
39.999005607477 25.493026909091 -25.706559616968
40.49899317757 25.493026909091 -26.975487272867
40.998980747664 25.493026909091 -26.99383828443
41.498968317757 25.493026909091 -27.205709366232
41.99895588785 25.493026909091 -27.023845695181
42.498943457944 25.493026909091 -26.965569089692
42.998931028037 25.493026909091 -27.193563517144
43.498918598131 25.493026909091 -27.767253513746
43.998906168224 25.493026909091 -28.017407682731
44.498893738318 25.493026909091 -27.821681241728
44.998881308411 25.493026909091 -28.454349918358
45.498868878505 25.493026909091 -29.518469761996
45.998856448598 25.493026909091 -30.62553689022
46.498844018692 25.493026909091 -31.913351217987
46.998831588785 25.493026909091 -32.914800424312
47.498819158878 25.493026909091 -33.525680298335
47.998806728972 25.493026909091 -33.911111996017
48.498794299065 25.493026909091 -33.96504984211
48.998781869159 25.493026909091 -33.41652960423
49.498769439252 25.493026909091 -33.676284821659
49.998757009346 25.493026909091 -34.75089816942
50.498744579439 25.493026909091 -35.397552947391
50.998732149533 25.493026909091 -36.106119168298
51.498719719626 25.493026909091 -36.588405533861
51.99870728972 25.493026909091 -37.222165771323
52.498694859813 25.493026909091 -38.516244091199
52.998682429907 25.493026909091 -39.752214964292
53.49867 25.493026909091 -39.379183707941
0 25.992890181818 -62.031291223313
0.49998757009346 25.992890181818 -62.749392699908
0.99997514018692 25.992890181818 -62.102343536099
1.4999627102804 25.992890181818 -61.381276467326
1.9999502803738 25.992890181818 -60.310995582194
2.4999378504673 25.992890181818 -59.691257836229
2.9999254205607 25.992890181818 -59.84132008417
3.4999129906542 25.992890181818 -59.104346985922
3.9999005607477 25.992890181818 -59.363392945921
4.4998881308411 25.992890181818 -59.69682124494
4.9998757009346 25.992890181818 -59.559058531106
5.499863271028 25.992890181818 -59.043035662452
5.9998508411215 25.992890181818 -58.374474142334
6.499838411215 25.992890181818 -57.894850177905
6.9998259813084 25.992890181818 -57.665356954662
7.4998135514019 25.992890181818 -56.773828253843
7.9998011214953 25.992890181818 -55.403932076673
8.4997886915888 25.992890181818 -54.402865703615
8.9997762616822 25.992890181818 -53.077446619586
9.4997638317757 25.992890181818 -51.904616780031
9.9997514018692 25.992890181818 -51.319097357761
10.499738971963 25.992890181818 -50.651749536775
10.999726542056 25.992890181818 -50.353086430712
11.49971411215 25.992890181818 -50.101882702402
11.999701682243 25.992890181818 -50.82084874867
12.499689252336 25.992890181818 -50.835405667012
12.99967682243 25.992890181818 -50.29316444624
13.499664392523 25.992890181818 -49.914726992306
13.999651962617 25.992890181818 -49.324464945137
14.49963953271 25.992890181818 -48.416187567095
14.999627102804 25.992890181818 -47.866734281197
15.499614672897 25.992890181818 -48.313514530776
15.999602242991 25.992890181818 -48.745982350574
16.499589813084 25.992890181818 -49.412916330845
16.999577383178 25.992890181818 -49.929388726041
17.499564953271 25.992890181818 -51.132648654305
17.999552523364 25.992890181818 -51.560169834169
18.499540093458 25.992890181818 -51.410836921159
18.999527663551 25.992890181818 -49.521843586203
19.499515233645 25.992890181818 -47.12005663094
19.999502803738 25.992890181818 -45.485642461059
20.499490373832 25.992890181818 -43.608824998566
20.999477943925 25.992890181818 -42.087097920174
21.499465514019 25.992890181818 -40.720645953021
21.999453084112 25.992890181818 -39.854916045167
22.499440654206 25.992890181818 -39.721890444608
22.999428224299 25.992890181818 -39.399712467697
23.499415794393 25.992890181818 -39.212818748877
23.999403364486 25.992890181818 -38.775137684234
24.499390934579 25.992890181818 -38.203756867469
24.999378504673 25.992890181818 -37.668225600291
25.499366074766 25.992890181818 -37.829948087015
25.99935364486 25.992890181818 -37.776257358852
26.499341214953 25.992890181818 -37.610078547573
26.999328785047 25.992890181818 -37.279130946725
27.49931635514 25.992890181818 -37.155785179341
27.999303925234 25.992890181818 -37.336970245214
28.499291495327 25.992890181818 -37.690793683818
28.999279065421 25.992890181818 -38.862015539858
29.499266635514 25.992890181818 -39.323115276886
29.999254205607 25.992890181818 -39.921446818652
30.499241775701 25.992890181818 -39.944572654732
30.999229345794 25.992890181818 -40.182018322133
31.499216915888 25.992890181818 -40.774728493719
31.999204485981 25.992890181818 -40.660828539153
32.499192056075 25.992890181818 -39.570696697847
32.999179626168 25.992890181818 -40.856585965226
33.499167196262 25.992890181818 -40.745790477574
33.999154766355 25.992890181818 -40.754717926071
34.499142336449 25.992890181818 -40.34090810531
34.999129906542 25.992890181818 -38.917840971236
35.499117476636 25.992890181818 -37.700044228497
35.999105046729 25.992890181818 -35.618845466692
36.499092616822 25.992890181818 -33.237728363864
36.999080186916 25.992890181818 -31.482093150977
37.499067757009 25.992890181818 -29.272135955996
37.999055327103 25.992890181818 -27.562273373409
38.499042897196 25.992890181818 -27.043350790644
38.99903046729 25.992890181818 -26.211852756644
39.499018037383 25.992890181818 -25.86137962645
39.999005607477 25.992890181818 -26.414249642454
40.49899317757 25.992890181818 -28.195535716878
40.998980747664 25.992890181818 -28.167861487086
41.498968317757 25.992890181818 -29.242776665248
41.99895588785 25.992890181818 -30.104885713328
42.498943457944 25.992890181818 -30.742152803036
42.998931028037 25.992890181818 -30.812915709404
43.498918598131 25.992890181818 -30.260810269063
43.998906168224 25.992890181818 -29.98851566897
44.498893738318 25.992890181818 -28.799657887983
44.998881308411 25.992890181818 -28.278872855426
45.498868878505 25.992890181818 -27.54174684283
45.998856448598 25.992890181818 -27.436848539087
46.498844018692 25.992890181818 -28.034746721706
46.998831588785 25.992890181818 -29.505212814868
47.498819158878 25.992890181818 -31.305066033158
47.998806728972 25.992890181818 -32.60816486352
48.498794299065 25.992890181818 -34.107144811746
48.998781869159 25.992890181818 -34.970021178772
49.498769439252 25.992890181818 -36.481498474337
49.998757009346 25.992890181818 -38.307236957386
50.498744579439 25.992890181818 -40.122912972166
50.998732149533 25.992890181818 -41.780382810336
51.498719719626 25.992890181818 -42.500210783086
51.99870728972 25.992890181818 -42.977921997924
52.498694859813 25.992890181818 -43.367902303676
52.998682429907 25.992890181818 -43.760465283096
53.49867 25.992890181818 -42.577215826791
0 26.492753454545 -60.736584921237
0.49998757009346 26.492753454545 -60.085107344864
0.99997514018692 26.492753454545 -58.907387475349
1.4999627102804 26.492753454545 -58.0869170095
1.9999502803738 26.492753454545 -57.635738603067
2.4999378504673 26.492753454545 -57.506884197722
2.9999254205607 26.492753454545 -56.700289856001
3.4999129906542 26.492753454545 -54.099094973303
3.9999005607477 26.492753454545 -53.966570786085
4.4998881308411 26.492753454545 -55.202349504461
4.9998757009346 26.492753454545 -56.401958633277
5.499863271028 26.492753454545 -56.252522277659
5.9998508411215 26.492753454545 -56.796296936326
6.499838411215 26.492753454545 -58.122453947362
6.9998259813084 26.492753454545 -58.944120648926
7.4998135514019 26.492753454545 -58.933555574994
7.9998011214953 26.492753454545 -58.377049440333
8.4997886915888 26.492753454545 -57.961556733014
8.9997762616822 26.492753454545 -57.061595932415
9.4997638317757 26.492753454545 -56.294840982757
9.9997514018692 26.492753454545 -55.193368792255
10.499738971963 26.492753454545 -54.449720886137
10.999726542056 26.492753454545 -53.128614431642
11.49971411215 26.492753454545 -52.031929460089
11.999701682243 26.492753454545 -51.343085632293
12.499689252336 26.492753454545 -51.759544017872
12.99967682243 26.492753454545 -51.295599570153
13.499664392523 26.492753454545 -51.405018518475
13.999651962617 26.492753454545 -50.683011268282
14.49963953271 26.492753454545 -49.800724372407
14.999627102804 26.492753454545 -50.031008961659
15.499614672897 26.492753454545 -50.210073690047
15.999602242991 26.492753454545 -50.206717564856
16.499589813084 26.492753454545 -50.379871769834
16.999577383178 26.492753454545 -50.747485799211
17.499564953271 26.492753454545 -51.79394776331
17.999552523364 26.492753454545 -52.670173843488
18.499540093458 26.492753454545 -52.267161749463
18.999527663551 26.492753454545 -51.252361368892
19.499515233645 26.492753454545 -50.364273841586
19.999502803738 26.492753454545 -49.70367090851
20.499490373832 26.492753454545 -48.84732011054
20.999477943925 26.492753454545 -47.781477196335
21.499465514019 26.492753454545 -47.155788916838
21.999453084112 26.492753454545 -45.960940837059
22.499440654206 26.492753454545 -44.989610296413
22.999428224299 26.492753454545 -44.228336211035
23.499415794393 26.492753454545 -43.164117057458
23.999403364486 26.492753454545 -42.285477193376
24.499390934579 26.492753454545 -41.267634796653
24.999378504673 26.492753454545 -40.842013063929
25.499366074766 26.492753454545 -41.281402173545
25.99935364486 26.492753454545 -41.792232662424
26.499341214953 26.492753454545 -42.56118976692
26.999328785047 26.492753454545 -42.62566169894
27.49931635514 26.492753454545 -41.614735133767
27.999303925234 26.492753454545 -41.336720935547
28.499291495327 26.492753454545 -41.793749652689
28.999279065421 26.492753454545 -41.952136598916
29.499266635514 26.492753454545 -41.325233245389
29.999254205607 26.492753454545 -39.259500132848
30.499241775701 26.492753454545 -36.49270636672
30.999229345794 26.492753454545 -35.327823181175
31.499216915888 26.492753454545 -33.830194653491
31.999204485981 26.492753454545 -32.567773363682
32.499192056075 26.492753454545 -31.06185553759
32.999179626168 26.492753454545 -29.756481238938
33.499167196262 26.492753454545 -30.398765200742
33.999154766355 26.492753454545 -31.31543073445
34.499142336449 26.492753454545 -32.352326134031
34.999129906542 26.492753454545 -32.865888066726
35.499117476636 26.492753454545 -31.559445886004
35.999105046729 26.492753454545 -30.468807748104
36.499092616822 26.492753454545 -29.135925447541
36.999080186916 26.492753454545 -28.61775110371
37.499067757009 26.492753454545 -27.147385369039
37.999055327103 26.492753454545 -24.95773847015
38.499042897196 26.492753454545 -22.688047277341
38.99903046729 26.492753454545 -23.099062177506
39.499018037383 26.492753454545 -23.512679171781
39.999005607477 26.492753454545 -24.1806240564
40.49899317757 26.492753454545 -25.826395765277
40.998980747664 26.492753454545 -26.376889759237
41.498968317757 26.492753454545 -29.206257213333
41.99895588785 26.492753454545 -32.149696263385
42.498943457944 26.492753454545 -34.327784309861
42.998931028037 26.492753454545 -35.464514549571
43.498918598131 26.492753454545 -36.124533708961
43.998906168224 26.492753454545 -37.382008717428
44.498893738318 26.492753454545 -37.220416215258
44.998881308411 26.492753454545 -37.199910713707
45.498868878505 26.492753454545 -36.649705707381
45.998856448598 26.492753454545 -36.141557129061
46.498844018692 26.492753454545 -36.756745077556
46.998831588785 26.492753454545 -37.283131769217
47.498819158878 26.492753454545 -38.479589874382
47.998806728972 26.492753454545 -39.819092128538
48.498794299065 26.492753454545 -42.12771368875
48.998781869159 26.492753454545 -42.787513397521
49.498769439252 26.492753454545 -43.224948443962
49.998757009346 26.492753454545 -43.049929886917
50.498744579439 26.492753454545 -43.179243166719
50.998732149533 26.492753454545 -42.505653887674
51.498719719626 26.492753454545 -41.611493888295
51.99870728972 26.492753454545 -40.519097249679
52.498694859813 26.492753454545 -39.507908223379
52.998682429907 26.492753454545 -40.293737587564
53.49867 26.492753454545 -40.520957013878
0 26.992616727273 -60.021760816004
0.49998757009346 26.992616727273 -61.055411435449
0.99997514018692 26.992616727273 -60.846362289519
1.4999627102804 26.992616727273 -59.372458925529
1.9999502803738 26.992616727273 -56.803648019198
2.4999378504673 26.992616727273 -55.134145632777
2.9999254205607 26.992616727273 -54.742095499362
3.4999129906542 26.992616727273 -54.093171643761
3.9999005607477 26.992616727273 -54.142257069784
4.4998881308411 26.992616727273 -54.658910726779
4.9998757009346 26.992616727273 -57.215769092261
5.499863271028 26.992616727273 -58.760355131789
5.9998508411215 26.992616727273 -58.589906052283
6.499838411215 26.992616727273 -56.843142591886
6.9998259813084 26.992616727273 -56.237858503016
7.4998135514019 26.992616727273 -55.649437518173
7.9998011214953 26.992616727273 -55.207126043602
8.4997886915888 26.992616727273 -53.899453910897
8.9997762616822 26.992616727273 -54.219693242452
9.4997638317757 26.992616727273 -57.018080171971
9.9997514018692 26.992616727273 -57.829159717118
10.499738971963 26.992616727273 -56.790519107061
10.999726542056 26.992616727273 -56.417858920556
11.49971411215 26.992616727273 -56.477388313223
11.999701682243 26.992616727273 -56.082039651269
12.499689252336 26.992616727273 -56.17242795148
12.99967682243 26.992616727273 -56.188417717839
13.499664392523 26.992616727273 -56.387584480017
13.999651962617 26.992616727273 -55.888579047935
14.49963953271 26.992616727273 -55.050496117485
14.999627102804 26.992616727273 -54.315306713652
15.499614672897 26.992616727273 -53.688083088802
15.999602242991 26.992616727273 -52.676275575006
16.499589813084 26.992616727273 -51.060175075312
16.999577383178 26.992616727273 -49.985126103549
17.499564953271 26.992616727273 -49.777527418677
17.999552523364 26.992616727273 -49.525661414285
18.499540093458 26.992616727273 -47.130566194846
18.999527663551 26.992616727273 -45.462093267926
19.499515233645 26.992616727273 -45.681975763068
19.999502803738 26.992616727273 -45.995714678187
20.499490373832 26.992616727273 -45.235020331388
20.999477943925 26.992616727273 -45.528261591748
21.499465514019 26.992616727273 -47.564668188234
21.999453084112 26.992616727273 -48.376937997557
22.499440654206 26.992616727273 -46.90959895253
22.999428224299 26.992616727273 -45.578202300439
23.499415794393 26.992616727273 -43.527003151125
23.999403364486 26.992616727273 -43.062129094966
24.499390934579 26.992616727273 -42.430486201392
24.999378504673 26.992616727273 -42.611539009554
25.499366074766 26.992616727273 -42.371801376179
25.99935364486 26.992616727273 -41.586052436436
26.499341214953 26.992616727273 -41.824662387883
26.999328785047 26.992616727273 -40.175117895215
27.49931635514 26.992616727273 -36.929097500432
27.999303925234 26.992616727273 -36.329549814787
28.499291495327 26.992616727273 -37.76448623824
28.999279065421 26.992616727273 -40.059159026433
29.499266635514 26.992616727273 -42.01352738657
29.999254205607 26.992616727273 -41.394665392308
30.499241775701 26.992616727273 -39.159904400318
30.999229345794 26.992616727273 -38.186410044185
31.499216915888 26.992616727273 -36.085494669182
31.999204485981 26.992616727273 -33.978004631481
32.499192056075 26.992616727273 -30.470715975441
32.999179626168 26.992616727273 -27.345897163366
33.499167196262 26.992616727273 -29.057624879653
33.999154766355 26.992616727273 -30.178812446596
34.499142336449 26.992616727273 -31.367616229033
34.999129906542 26.992616727273 -31.304237785513
35.499117476636 26.992616727273 -31.352055230188
35.999105046729 26.992616727273 -32.126662675785
36.499092616822 26.992616727273 -31.080993001325
36.999080186916 26.992616727273 -30.747460898406
37.499067757009 26.992616727273 -32.95576880705
37.999055327103 26.992616727273 -34.214583631385
38.499042897196 26.992616727273 -31.68644227207
38.99903046729 26.992616727273 -29.983049688056
39.499018037383 26.992616727273 -30.150507378583
39.999005607477 26.992616727273 -27.967570659654
40.49899317757 26.992616727273 -27.922128402335
40.998980747664 26.992616727273 -28.687346669691
41.498968317757 26.992616727273 -29.291269679104
41.99895588785 26.992616727273 -30.485479351423
42.498943457944 26.992616727273 -31.173099069856
42.998931028037 26.992616727273 -32.115904686881
43.498918598131 26.992616727273 -34.386743103467
43.998906168224 26.992616727273 -35.938035305322
44.498893738318 26.992616727273 -36.11044969438
44.998881308411 26.992616727273 -35.604311394559
45.498868878505 26.992616727273 -36.485073743332
45.998856448598 26.992616727273 -37.457383415673
46.498844018692 26.992616727273 -40.034758195633
46.998831588785 26.992616727273 -41.48705505297
47.498819158878 26.992616727273 -41.82920808639
47.998806728972 26.992616727273 -41.144034612123
48.498794299065 26.992616727273 -41.366593098617
48.998781869159 26.992616727273 -41.288817998473
49.498769439252 26.992616727273 -41.435703649394
49.998757009346 26.992616727273 -42.136972500257
50.498744579439 26.992616727273 -42.27220967807
50.998732149533 26.992616727273 -42.226121296821
51.498719719626 26.992616727273 -42.722373396457
51.99870728972 26.992616727273 -43.664600535001
52.498694859813 26.992616727273 -44.055508429229
52.998682429907 26.992616727273 -44.275253608373
53.49867 26.992616727273 -44.202502190029
0 27.49248 -57.390052961738
0.49998757009346 27.49248 -57.932642366137
0.99997514018692 27.49248 -58.690504875311
1.4999627102804 27.49248 -58.86993286045
1.9999502803738 27.49248 -58.496053003713
2.4999378504673 27.49248 -57.864302049724
2.9999254205607 27.49248 -56.873985248833
3.4999129906542 27.49248 -56.897613569039
3.9999005607477 27.49248 -56.893795340742
4.4998881308411 27.49248 -56.135842590535
4.9998757009346 27.49248 -55.536775611049
5.499863271028 27.49248 -54.232138074763
5.9998508411215 27.49248 -52.041339283471
6.499838411215 27.49248 -50.32837866558
6.9998259813084 27.49248 -48.788390168538
7.4998135514019 27.49248 -48.396189698806
7.9998011214953 27.49248 -49.299228153261
8.4997886915888 27.49248 -50.545186968929
8.9997762616822 27.49248 -51.614541384879
9.4997638317757 27.49248 -53.567407479066
9.9997514018692 27.49248 -54.808455566482
10.499738971963 27.49248 -56.729302811666
10.999726542056 27.49248 -58.262832086286
11.49971411215 27.49248 -58.441318051921
11.999701682243 27.49248 -58.427943252974
12.499689252336 27.49248 -59.446587254037
12.99967682243 27.49248 -59.298318343578
13.499664392523 27.49248 -58.746790228684
13.999651962617 27.49248 -58.281857517758
14.49963953271 27.49248 -56.540935568428
14.999627102804 27.49248 -55.655419885818
15.499614672897 27.49248 -53.836935220463
15.999602242991 27.49248 -52.340316185197
16.499589813084 27.49248 -51.843477666779
16.999577383178 27.49248 -50.57174860864
17.499564953271 27.49248 -50.522584274085
17.999552523364 27.49248 -49.495157248683
18.499540093458 27.49248 -49.471596106539
18.999527663551 27.49248 -49.575228958991
19.499515233645 27.49248 -48.786387201207
19.999502803738 27.49248 -48.401976508165
20.499490373832 27.49248 -47.207555138495
20.999477943925 27.49248 -45.659233025078
21.499465514019 27.49248 -43.993310828282
21.999453084112 27.49248 -43.46503807171
22.499440654206 27.49248 -42.287127243633
22.999428224299 27.49248 -41.661044098351
23.499415794393 27.49248 -40.863429219983
23.999403364486 27.49248 -39.513704842313
24.499390934579 27.49248 -38.730346828811
24.999378504673 27.49248 -37.826944353105
25.499366074766 27.49248 -36.675452374891
25.99935364486 27.49248 -35.999959336811
26.499341214953 27.49248 -34.129644964758
26.999328785047 27.49248 -32.91198758239
27.49931635514 27.49248 -31.522953278439
27.999303925234 27.49248 -30.527533706911
28.499291495327 27.49248 -29.851299833251
28.999279065421 27.49248 -29.491588163427
29.499266635514 27.49248 -28.869211590492
29.999254205607 27.49248 -28.227646527478
30.499241775701 27.49248 -27.900468741596
30.999229345794 27.49248 -27.838825211637
31.499216915888 27.49248 -28.097497774258
31.999204485981 27.49248 -29.30694809933
32.499192056075 27.49248 -30.568265207848
32.999179626168 27.49248 -32.469665072601
33.499167196262 27.49248 -33.159269192817
33.999154766355 27.49248 -33.795876834536
34.499142336449 27.49248 -33.770638609395
34.999129906542 27.49248 -35.258346699541
35.499117476636 27.49248 -32.503923618052
35.999105046729 27.49248 -32.007814131489
36.499092616822 27.49248 -30.259864747215
36.999080186916 27.49248 -30.860807909964
37.499067757009 27.49248 -32.029006903773
37.999055327103 27.49248 -31.919896513678
38.499042897196 27.49248 -31.199345181401
38.99903046729 27.49248 -31.466052241377
39.499018037383 27.49248 -32.782266984103
39.999005607477 27.49248 -32.525288220404
40.49899317757 27.49248 -31.104681600767
40.998980747664 27.49248 -29.457824379212
41.498968317757 27.49248 -28.267570671789
41.99895588785 27.49248 -27.563795577283
42.498943457944 27.49248 -27.593351903147
42.998931028037 27.49248 -28.119595794749
43.498918598131 27.49248 -29.084899503413
43.998906168224 27.49248 -30.00257176235
44.498893738318 27.49248 -30.901939195632
44.998881308411 27.49248 -32.083860319204
45.498868878505 27.49248 -33.561980680779
45.998856448598 27.49248 -34.294414106768
46.498844018692 27.49248 -34.15156600361
46.998831588785 27.49248 -34.257980811564
47.498819158878 27.49248 -35.124256028641
47.998806728972 27.49248 -34.945098671685
48.498794299065 27.49248 -35.275162668357
48.998781869159 27.49248 -35.950838097605
49.498769439252 27.49248 -35.261989277704
49.998757009346 27.49248 -33.463820686438
50.498744579439 27.49248 -32.607832274974
50.998732149533 27.49248 -32.877435199522
51.498719719626 27.49248 -35.410075317096
51.99870728972 27.49248 -39.78306010823
52.498694859813 27.49248 -43.320972018203
52.998682429907 27.49248 -45.866851180332
53.49867 27.49248 -45.234279744743
